image_name,face_top,face_left,face_width,face_height,anger,contempt,disgust,fear,happiness,neutral,sadness,surprise,is_tongue_out,is_duck_face
10009881_459726247493543_1910324742_a,59,63,138,138,0.0,0.001,0.0,0.0,0.987,0.012,0.0,0.0,-1,-1
10009881_481326825302633_1397062137_a,25,1,131,131,0.007,0.191,0.018,0.002,0.165,0.516,0.098,0.003,-1,1
10009881_609123582510452_1160566685_a,99,109,118,118,0.0,0.001,0.0,0.0,0.04,0.958,0.0,0.0,-1,-1
10009881_690345564362260_1814223297_a,63,32,93,93,0.0,0.0,0.0,0.0,0.003,0.996,0.001,0.0,-1,1
10009881_704615256262974_778539500_a,34,155,60,60,0.0,0.005,0.0,0.0,0.0,0.994,0.001,0.0,1,-1
10009881_729892807041607_349697791_a,19,105,156,156,0.0,0.109,0.0,0.0,0.023,0.868,0.001,0.0,-1,-1
10009881_766580450041124_433426031_a,95,143,144,144,0.0,0.002,0.0,0.0,0.979,0.019,0.0,0.0,-1,-1
10009885_1380383135576264_970058619_a,0,102,185,169,0.0,0.0,0.0,0.0,0.004,0.991,0.003,0.002,-1,-1
10009885_1395539970725161_487096706_a,17,109,120,120,0.0,0.0,0.0,0.0,0.001,0.993,0.006,0.0,-1,-1
10009885_1403606279913638_1729882756_a,74,133,98,98,0.0,0.0,0.0,0.0,0.0,0.999,0.0,0.0,-1,-1
10009885_1411593705770235_1409048373_a,97,90,136,136,0.0,0.003,0.0,0.0,0.001,0.994,0.002,0.0,-1,-1
10009885_1474492419435692_1793960478_a,44,229,75,75,0.0,0.0,0.0,0.0,1.0,0.0,0.0,0.0,-1,-1
10009885_1492476057642072_2026507205_a,8,69,139,139,0.0,0.0,0.0,0.0,1.0,0.0,0.0,0.0,-1,-1
10009885_305688462918072_1524747295_a,58,32,154,154,0.0,0.0,0.0,0.0,0.282,0.718,0.0,0.0,-1,-1
10009885_547764825342848_622167373_a,60,82,115,115,0.0,0.002,0.0,0.0,0.978,0.005,0.0,0.015,-1,-1
10009885_689782291081314_640223055_a,71,87,124,124,0.0,0.0,0.0,0.0,0.01,0.99,0.0,0.0,-1,-1
10009885_773719722647857_2089967386_a,22,73,124,124,0.0,0.0,0.0,0.0,1.0,0.0,0.0,0.0,-1,-1
10009885_864854070207104_436022348_a,51,82,117,117,0.0,0.0,0.0,0.0,0.076,0.924,0.0,0.0,-1,-1
10009889_1411061865825272_1536531170_a,97,93,140,140,0.0,0.001,0.0,0.0,0.076,0.922,0.001,0.0,-1,-1
10009889_1414370988824353_720361641_a,78,51,158,158,0.004,0.002,0.0,0.0,0.001,0.986,0.008,0.0,-1,-1
10009889_1423760311213768_2019727373_a,18,60,112,112,0.0,0.002,0.0,0.0,0.185,0.812,0.0,0.001,-1,-1
10009889_1435594490016751_1593835710_a,20,80,168,168,0.0,0.006,0.0,0.0,0.171,0.82,0.003,0.0,-1,-1
10009889_1578432899049435_1778961402_a,59,35,126,126,0.0,0.0,0.0,0.0,0.002,0.997,0.0,0.0,-1,-1
10009889_1579699932254432_145542829_a,4,139,88,88,0.001,0.0,0.0,0.0,0.998,0.0,0.0,0.0,-1,-1
10009889_295139140610659_1489947949_a,0,116,182,168,0.0,0.036,0.001,0.0,0.177,0.766,0.019,0.0,-1,-1
10009889_295759173914991_707373737_a,61,77,135,135,0.0,0.883,0.116,0.0,0.0,0.0,0.0,0.0,-1,-1
10009889_583125158449967_290017858_a,15,78,141,141,0.0,0.0,0.0,0.0,0.998,0.002,0.0,0.0,-1,-1
10009889_628720063875596_922246185_a,71,140,136,136,0.0,0.0,0.0,0.0,1.0,0.0,0.0,0.0,-1,-1
10009889_761264330564088_106465922_a,99,63,201,201,0.0,0.002,0.0,0.0,0.691,0.306,0.0,0.0,-1,-1
10009893_1422960807960334_1044018755_a,66,167,99,99,0.0,0.001,0.0,0.0,0.0,0.907,0.092,0.0,-1,1
10009893_1465008433732680_1926918318_a,25,74,134,134,0.0,0.001,0.0,0.0,0.998,0.001,0.0,0.0,-1,-1
10009893_1490191407871444_878007944_a,0,127,98,94,0.0,0.009,0.0,0.0,0.0,0.917,0.07,0.003,-1,-1
10009893_230298337159051_1289709238_a,52,130,73,73,0.0,0.0,0.0,0.0,1.0,0.0,0.0,0.0,-1,-1
10009893_275037689324980_851424038_a,120,82,145,145,0.0,0.002,0.0,0.0,0.001,0.81,0.0,0.187,-1,1
10009893_413608568776531_1484434798_a,34,49,178,178,0.0,0.003,0.0,0.0,0.0,0.993,0.001,0.002,-1,-1
10009893_436348053167288_1790350466_a,182,141,85,85,0.0,0.0,0.0,0.0,0.0,1.0,0.0,0.0,-1,-1
10009893_472822792817813_1292687864_a,117,47,143,143,0.0,0.0,0.0,0.0,1.0,0.0,0.0,0.0,-1,-1
10009893_612358068841411_31000196_a,96,115,55,55,0.0,0.001,0.0,0.0,0.566,0.433,0.0,0.0,-1,-1
10009893_633323726743259_2057398959_a,84,103,123,123,0.0,0.0,0.0,0.0,0.999,0.0,0.0,0.0,-1,-1
10009893_711657108877319_809467630_a,142,118,116,116,0.0,0.001,0.0,0.0,0.0,0.983,0.016,0.0,-1,1
10009893_728291177220932_864147409_a,76,138,107,107,0.0,0.0,0.0,0.0,1.0,0.0,0.0,0.0,-1,-1
10009893_728577687162676_1166401913_a,76,25,129,129,0.0,0.001,0.0,0.0,0.001,0.973,0.025,0.001,-1,1
10009893_856330841049686_2113857667_a,13,46,189,189,0.0,0.0,0.0,0.002,0.14,0.834,0.013,0.011,-1,-1
10009898_1409363079332457_1040644917_a,42,82,150,150,0.0,0.0,0.0,0.0,1.0,0.0,0.0,0.0,-1,-1
10009898_1422770767976888_1925086080_a,40,153,152,160,0.0,0.0,0.0,0.0,1.0,0.0,0.0,0.0,-1,-1
10009898_243865369150088_1053993523_a,59,74,146,146,0.004,0.086,0.008,0.0,0.053,0.84,0.007,0.0,-1,1
10009898_294724477371289_487999414_a,61,70,188,188,0.0,0.046,0.0,0.0,0.225,0.708,0.0,0.02,-1,-1
10009898_600927489984382_1336332022_a,64,127,61,61,0.0,0.001,0.0,0.0,0.588,0.412,0.0,0.0,-1,-1
10009898_609623335788680_995129355_a,74,16,135,135,0.0,0.0,0.0,0.0,1.0,0.0,0.0,0.0,-1,-1
10009898_619437241467599_1714218121_a,26,104,140,140,0.0,0.0,0.0,0.0,0.999,0.001,0.0,0.0,1,-1
10009898_778450282166977_577656515_a,103,78,179,179,0.0,0.001,0.0,0.0,0.742,0.257,0.0,0.0,-1,-1
10009902_1397198727224403_302406665_a,38,45,150,150,0.0,0.005,0.0,0.0,0.666,0.329,0.0,0.0,-1,-1
10009902_1437082783199959_301112214_a,98,40,141,141,0.007,0.001,0.0,0.001,0.001,0.963,0.002,0.025,-1,-1
10009902_1461972390703549_1602160199_a,61,73,87,87,0.0,0.0,0.0,0.0,0.0,0.886,0.113,0.0,-1,-1
10009902_235181266672959_74984867_a,73,3,135,135,0.0,0.04,0.0,0.0,0.0,0.95,0.01,0.0,-1,-1
10009902_372001169607812_489411957_a,6,59,190,190,0.035,0.0,0.006,0.001,0.001,0.526,0.001,0.429,-1,-1
10009902_489133904541915_453228219_a,98,71,121,121,0.003,0.01,0.002,0.0,0.496,0.487,0.001,0.001,-1,-1
10009902_617029118375599_87536891_a,118,87,139,139,0.0,0.001,0.0,0.0,0.001,0.863,0.135,0.0,-1,-1
10009902_639784042758752_1076576341_a,29,96,101,101,0.0,0.0,0.0,0.0,0.001,0.996,0.002,0.0,-1,-1
10009902_726963234030977_44815713_a,86,105,137,137,0.0,0.0,0.0,0.0,1.0,0.0,0.0,0.0,-1,-1
10009906_1405948649677148_923219750_a,5,15,194,194,0.0,0.002,0.0,0.0,0.944,0.054,0.0,0.0,-1,-1
10009906_1437900396456255_702952222_a,86,53,141,141,0.0,0.0,0.0,0.0,1.0,0.0,0.0,0.0,-1,-1
10009906_1441267542780916_1358781593_a,60,59,114,114,0.0,0.0,0.0,0.0,0.0,1.0,0.0,0.0,-1,1
10009906_1470765696486351_101049212_a,59,90,129,129,0.002,0.46,0.005,0.0,0.143,0.389,0.001,0.0,-1,-1
10009906_238025423069224_949784351_a,0,50,185,163,0.0,0.003,0.0,0.0,0.972,0.025,0.0,0.0,-1,-1
10009906_243848625802672_1236713075_a,0,72,203,202,0.0,0.0,0.0,0.0,0.0,0.965,0.0,0.035,-1,-1
10009906_256016461244242_1127521381_a,39,115,85,85,0.0,0.0,0.0,0.0,0.998,0.0,0.0,0.002,-1,-1
10009906_475259942602289_893618694_a,114,60,162,162,0.0,0.0,0.0,0.0,0.0,0.999,0.001,0.0,-1,-1
10009906_620663804669631_1269088555_a,0,118,187,179,0.0,0.0,0.0,0.0,1.0,0.0,0.0,0.0,-1,-1
10009906_631763690236096_1504173100_a,0,68,216,190,0.0,0.004,0.0,0.0,0.473,0.493,0.0,0.029,-1,-1
10009906_687513717978002_335048014_a,103,139,40,40,0.0,0.001,0.0,0.0,0.741,0.258,0.0,0.0,-1,-1
10009906_689539621089393_2012790619_a,47,124,136,136,0.001,0.0,0.001,0.0,0.593,0.01,0.0,0.395,-1,-1
10009910_1398965103712550_956542956_a,89,100,93,93,0.0,0.0,0.0,0.001,0.344,0.005,0.0,0.65,-1,-1
10009910_1410264499243227_1931855835_a,83,79,93,93,0.0,0.156,0.0,0.0,0.315,0.529,0.0,0.0,-1,-1
10009910_1410391429229172_1676397927_a,132,72,177,173,0.002,0.021,0.001,0.002,0.0,0.916,0.056,0.002,-1,-1
10009910_1424614724456792_1614414281_a,0,63,123,111,0.0,0.007,0.0,0.0,0.19,0.802,0.0,0.0,-1,-1
10009910_225992357609061_765207348_a,74,68,147,147,0.0,0.0,0.0,0.0,1.0,0.0,0.0,0.0,-1,-1
10009910_233035436898786_805677512_a,72,87,118,118,0.0,0.01,0.0,0.0,0.36,0.629,0.0,0.0,-1,-1
10009910_271427799704912_812053437_a,38,76,84,84,0.0,0.0,0.0,0.0,1.0,0.0,0.0,0.0,-1,-1
10009910_294075784082151_785430257_a,56,93,152,152,0.0,0.001,0.0,0.0,0.923,0.076,0.0,0.0,-1,-1
10009910_483959401706332_539585545_a,124,34,105,105,0.0,0.0,0.0,0.0,1.0,0.0,0.0,0.0,-1,-1
10009910_619128484834951_1905004190_a,29,61,152,152,0.001,0.116,0.001,0.003,0.001,0.6,0.276,0.002,-1,-1
10009910_636574136391616_691741481_a,70,70,142,142,0.0,0.0,0.0,0.0,1.0,0.0,0.0,0.0,-1,-1
10009910_652057734867841_740236625_a,68,135,106,106,0.0,0.0,0.0,0.0,0.993,0.007,0.0,0.0,-1,-1
10009910_740160099338963_731167508_a,9,28,149,149,0.0,0.001,0.0,0.0,0.0,0.987,0.002,0.01,-1,-1
10009910_744847472214209_1786357624_a,60,101,137,137,0.001,0.001,0.0,0.0,0.0,0.997,0.0,0.0,-1,-1
10009913_432588943542868_1229309800_a,17,58,164,164,0.0,0.008,0.0,0.0,0.417,0.574,0.0,0.0,-1,-1
10009913_459735390829338_1690644085_a,46,65,156,156,0.001,0.0,0.0,0.006,0.037,0.0,0.0,0.956,-1,-1
10009913_579738365475540_59184664_a,14,10,135,135,0.0,0.0,0.0,0.0,0.966,0.032,0.001,0.001,-1,-1
10009913_615275678562746_279045915_a,95,103,168,168,0.0,0.0,0.0,0.0,0.0,0.999,0.0,0.0,-1,-1
10009913_629956523744867_1203603700_a,67,23,118,118,0.0,0.002,0.0,0.0,0.754,0.244,0.0,0.0,-1,-1
10009917_1440796256161382_1702928855_a,0,125,143,138,0.0,0.001,0.0,0.0,0.986,0.012,0.0,0.001,-1,-1
10009917_1488735094688482_1523394406_a,14,61,111,111,0.0,0.006,0.0,0.0,0.0,0.983,0.001,0.009,-1,-1
10009917_226307514233227_1910330275_a,75,46,118,118,0.0,0.005,0.0,0.0,0.637,0.358,0.0,0.0,-1,-1
10009917_228555834006291_894662902_a,0,13,221,209,0.0,0.002,0.0,0.0,0.467,0.53,0.0,0.0,-1,-1
10009917_240230029516279_1189090042_a,80,94,94,94,0.0,0.0,0.0,0.0,0.0,0.992,0.002,0.006,-1,-1
10009917_268194410027755_2140748801_a,102,77,171,171,0.0,0.011,0.0,0.0,0.68,0.306,0.002,0.0,-1,1
10009917_380043552138880_981282648_a,13,19,247,247,0.0,0.861,0.004,0.0,0.029,0.105,0.0,0.0,-1,1
10009917_473757012755942_541268023_a,9,51,180,180,0.0,0.0,0.0,0.0,0.0,0.827,0.172,0.0,-1,-1
10009917_569308466515741_424115704_a,65,81,93,93,0.0,0.0,0.0,0.0,1.0,0.0,0.0,0.0,-1,-1
10009917_611418888943329_967185275_a,41,4,157,157,0.0,0.0,0.0,0.0,0.993,0.005,0.0,0.002,-1,-1
10009917_625772837492058_633599036_a,32,46,239,239,0.027,0.551,0.162,0.015,0.003,0.1,0.002,0.14,-1,-1
10009917_696838410354921_1398853416_a,44,86,151,151,0.0,0.0,0.0,0.0,0.059,0.94,0.001,0.0,-1,-1
10009917_741773839206044_559908761_a,0,71,206,183,0.0,0.105,0.0,0.0,0.233,0.661,0.001,0.0,-1,-1
10009917_765243953487281_237408242_a,57,3,138,138,0.0,0.0,0.0,0.0,0.0,0.998,0.001,0.0,-1,-1
10009919_1483951941833281_2075477251_a,59,114,94,94,0.0,0.004,0.0,0.0,0.064,0.928,0.003,0.0,-1,-1
10009919_1491273214428752_932384326_a,102,112,121,121,0.0,0.001,0.0,0.0,0.149,0.85,0.0,0.0,-1,-1
10009919_227313810790489_198547905_a,86,89,137,137,0.0,0.0,0.0,0.0,1.0,0.0,0.0,0.0,-1,-1
10009919_243035035820508_1271795366_a,56,74,212,212,0.0,0.0,0.0,0.0,1.0,0.0,0.0,0.0,-1,-1
10009919_286345828193826_1440099749_a,116,111,133,133,0.0,0.0,0.0,0.0,1.0,0.0,0.0,0.0,-1,-1
10009919_320757168076711_597185227_a,94,65,177,177,0.0,0.0,0.0,0.0,0.989,0.011,0.0,0.0,-1,-1
10009919_397182947091183_1972845443_a,26,123,113,113,0.0,0.0,0.0,0.0,1.0,0.0,0.0,0.0,-1,-1
10009919_695644793833042_36865781_a,71,111,140,140,0.001,0.001,0.0,0.0,0.001,0.997,0.001,0.0,-1,-1
10009919_727139047336551_1624295056_a,37,101,118,118,0.0,0.141,0.0,0.0,0.698,0.159,0.0,0.001,-1,-1
10009921_1381200655494879_12751757_a,56,32,194,194,0.0,0.034,0.0,0.001,0.0,0.926,0.032,0.006,-1,-1
10009921_226238840904715_1005539170_a,93,94,129,129,0.0,0.0,0.0,0.0,0.0,1.0,0.0,0.0,-1,-1
10009921_266003746911384_268008997_a,32,129,62,62,0.0,0.0,0.0,0.0,1.0,0.0,0.0,0.0,-1,-1
10009921_288869641269273_469992658_a,92,156,98,98,0.0,0.0,0.0,0.0,0.001,0.999,0.0,0.0,-1,-1
10009921_300733273411826_1646321174_a,85,92,148,148,0.0,0.0,0.0,0.0,1.0,0.0,0.0,0.0,-1,-1
10009921_301295616690505_237441900_a,77,81,137,137,0.0,0.0,0.0,0.0,0.0,0.999,0.001,0.0,-1,-1
10009921_501440839959825_1474353175_a,63,0,149,169,0.0,0.0,0.0,0.0,0.997,0.003,0.0,0.0,-1,-1
10009921_504167883023307_1395621668_a,38,48,132,132,0.0,0.072,0.0,0.0,0.09,0.823,0.015,0.0,-1,-1
10009921_536595399795025_1885220616_a,0,10,233,232,0.001,0.282,0.001,0.001,0.006,0.695,0.003,0.012,-1,-1
10009921_729838247036263_1553908587_a,97,79,155,155,0.0,0.0,0.0,0.0,0.0,0.999,0.001,0.0,-1,-1
10009921_851031044912236_1511404246_a,75,106,106,106,0.0,0.0,0.0,0.0,1.0,0.0,0.0,0.0,-1,-1
10009922_234738406730937_508759162_a,12,74,148,148,0.0,0.001,0.0,0.0,0.036,0.961,0.002,0.0,-1,-1
10009922_288052568023889_1228778206_a,41,123,108,108,0.0,0.0,0.0,0.0,1.0,0.0,0.0,0.0,-1,-1
10009922_291029067722088_1781750917_a,34,75,92,92,0.0,0.005,0.0,0.0,0.499,0.496,0.0,0.0,-1,-1
10011145_1423765324540166_1860894297_a,43,17,153,153,0.001,0.004,0.0,0.0,0.0,0.992,0.003,0.001,-1,-1
10011145_1424247697832802_1173470891_a,19,108,109,109,0.0,0.008,0.0,0.0,0.518,0.47,0.002,0.002,-1,-1
10011145_1492127074340759_1442070613_a,40,78,127,127,0.0,0.0,0.0,0.0,1.0,0.0,0.0,0.0,-1,-1
10011145_1496564970571800_1466974349_a,80,18,140,140,0.0,0.0,0.0,0.0,0.001,0.998,0.001,0.0,-1,-1
10011145_225800667615893_721334865_a,83,92,111,111,0.002,0.002,0.0,0.0,0.001,0.993,0.001,0.0,-1,-1
10011145_241919209329054_1322903795_a,39,62,108,108,0.0,0.0,0.0,0.0,0.994,0.005,0.0,0.0,-1,-1
10011145_242720089185176_2140279700_a,21,115,101,101,0.0,0.011,0.001,0.0,0.004,0.982,0.001,0.0,-1,-1
10011145_312929615521000_1730233135_a,115,84,169,169,0.003,0.048,0.0,0.001,0.003,0.866,0.001,0.078,-1,-1
10011145_429147007230062_501269975_a,88,98,132,132,0.001,0.02,0.001,0.0,0.329,0.646,0.003,0.0,-1,-1
10011145_430299917106628_2054139712_a,97,103,112,112,0.0,0.0,0.0,0.0,0.183,0.0,0.0,0.817,-1,-1
10011145_581351911960103_440239998_a,65,109,97,97,0.0,0.0,0.0,0.0,1.0,0.0,0.0,0.0,-1,-1
10011145_650086248392528_1250805170_a,46,47,135,135,0.0,0.0,0.0,0.0,1.0,0.0,0.0,0.0,-1,-1
10011145_689197797806168_753301251_a,45,23,136,136,0.0,0.036,0.0,0.0,0.553,0.411,0.0,0.0,-1,-1
10011145_771450009540910_1166200350_a,29,67,154,154,0.0,0.0,0.0,0.0,0.999,0.001,0.0,0.0,-1,-1
10011150_1384604955114679_1940212666_a,0,0,242,260,0.0,0.007,0.0,0.0,0.928,0.064,0.0,0.0,-1,-1
10011150_1424917707759424_2117009296_a,52,0,137,158,0.0,0.0,0.0,0.0,0.0,0.999,0.0,0.0,-1,-1
10011150_1450417848528753_1944280186_a,54,145,148,148,0.0,0.001,0.0,0.0,0.0,0.998,0.001,0.0,-1,-1
10011150_1605508763008477_1263626391_a,68,78,113,113,0.0,0.038,0.0,0.001,0.001,0.875,0.006,0.079,-1,1
10011150_381227382016439_760528222_a,76,186,78,78,0.0,0.004,0.0,0.0,0.745,0.25,0.001,0.0,-1,-1
10011150_740516325968479_1780950005_a,3,93,179,179,0.0,0.0,0.0,0.0,0.0,0.935,0.006,0.059,-1,-1
10011150_899485160068726_1124346070_a,88,70,157,157,0.001,0.016,0.0,0.0,0.001,0.978,0.003,0.001,-1,-1
10011153_1484898601722720_349275517_a,99,62,120,120,0.0,0.0,0.0,0.0,0.0,0.995,0.003,0.002,-1,-1
10011153_282388575261745_1674486775_a,105,140,137,137,0.0,0.0,0.0,0.0,0.0,0.968,0.032,0.0,-1,1
10011154_225319347667466_737036363_a,51,105,112,112,0.0,0.003,0.0,0.0,0.759,0.237,0.0,0.001,-1,-1
10011154_231062093750259_471980186_a,145,96,110,110,0.002,0.007,0.0,0.0,0.001,0.987,0.004,0.0,-1,-1
10011154_616017398472883_145811751_a,47,127,93,93,0.0,0.01,0.0,0.001,0.355,0.586,0.005,0.043,-1,-1
10011154_624573717621590_741240342_a,65,135,115,115,0.0,0.004,0.0,0.0,0.001,0.986,0.009,0.0,-1,-1
10011155_625160577564446_238582841_a,67,91,143,143,0.0,0.0,0.0,0.0,0.963,0.037,0.0,0.0,-1,-1
10011156_1396982087246314_1366538879_a,69,56,94,94,0.0,0.0,0.0,0.0,0.0,1.0,0.0,0.0,-1,-1
10011156_230451580482414_1897459739_a,42,0,221,256,0.0,0.004,0.0,0.0,0.387,0.608,0.0,0.0,-1,-1
10011156_238216363049513_1260626669_a,73,98,125,125,0.0,0.0,0.0,0.0,0.989,0.01,0.0,0.0,-1,-1
10011156_288743957956263_376139663_a,68,35,72,72,0.0,0.0,0.0,0.0,0.0,0.997,0.002,0.001,-1,-1
10011156_372005942940638_485797447_a,74,100,106,106,0.0,0.0,0.0,0.0,1.0,0.0,0.0,0.0,-1,-1
10011156_504997446268598_1865154744_a,65,80,121,121,0.001,0.003,0.0,0.0,0.001,0.98,0.002,0.012,-1,-1
10011156_625380227544497_583808153_a,47,172,119,119,0.0,0.0,0.0,0.0,1.0,0.0,0.0,0.0,-1,-1
10011156_785304818153808_859239625_a,10,21,185,185,0.0,0.0,0.0,0.0,1.0,0.0,0.0,0.0,-1,-1
10011156_844532178897571_1253256457_a,80,58,119,119,0.001,0.183,0.001,0.0,0.316,0.496,0.002,0.0,-1,-1
10011158_1402071610066064_886016512_a,93,115,112,112,0.0,0.001,0.0,0.0,0.168,0.831,0.0,0.0,-1,-1
10011158_1435942669985643_1743674750_a,56,63,116,116,0.0,0.001,0.0,0.0,0.992,0.007,0.0,0.0,-1,-1
10011158_458034390994501_490225881_a,83,85,115,115,0.0,0.0,0.0,0.0,0.0,0.999,0.001,0.0,-1,-1
10011158_611840155574293_1381593524_a,0,25,230,190,0.0,0.001,0.0,0.0,0.007,0.96,0.032,0.0,-1,-1
10011158_657781167591973_217960105_a,64,102,146,146,0.0,0.143,0.001,0.0,0.587,0.269,0.0,0.0,-1,1
10011160_1581212098769565_1011536292_a,11,60,117,117,0.0,0.0,0.0,0.0,0.994,0.006,0.0,0.0,-1,-1
10011160_278437378984824_1108188690_a,45,134,102,102,0.0,0.0,0.0,0.0,0.999,0.0,0.0,0.0,-1,-1
10011160_448142481984921_240183126_a,60,91,78,78,0.0,0.003,0.0,0.0,0.348,0.649,0.0,0.0,-1,-1
10011160_524409697669929_1909182251_a,70,132,43,43,0.0,0.026,0.0,0.0,0.951,0.023,0.0,0.0,-1,-1
10011160_609451499136714_984264396_a,90,74,197,197,0.001,0.0,0.0,0.0,0.998,0.0,0.0,0.0,-1,-1
10011160_611229662296548_684632357_a,74,104,85,85,0.0,0.0,0.0,0.0,1.0,0.0,0.0,0.0,-1,-1
10011160_653124901391908_633044592_a,22,83,210,210,0.001,0.049,0.0,0.0,0.821,0.128,0.0,0.0,-1,-1
10011162_1410790979184460_1533057466_a,109,89,113,113,0.049,0.0,0.024,0.0,0.926,0.0,0.0,0.0,1,-1
10011162_1451843928386746_1856616074_a,61,33,214,214,0.0,0.0,0.0,0.0,0.95,0.015,0.0,0.035,-1,-1
10011162_489851064474408_1755412419_a,66,97,147,147,0.0,0.0,0.0,0.0,1.0,0.0,0.0,0.0,-1,-1
10011162_552487874864764_424717404_a,0,59,197,169,0.565,0.004,0.001,0.0,0.0,0.426,0.003,0.0,-1,1
10011162_618878781521853_807595950_a,0,21,184,175,0.0,0.0,0.0,0.0,0.0,0.626,0.374,0.0,-1,-1
10011162_768358226515548_1892414964_a,0,111,156,151,0.0,0.0,0.0,0.0,1.0,0.0,0.0,0.0,-1,-1
10011165_1496337390589542_757526673_a,41,81,93,93,0.0,0.0,0.0,0.0,1.0,0.0,0.0,0.0,-1,-1
10011165_153079961505614_2118511679_a,56,150,137,137,0.03,0.009,0.001,0.0,0.001,0.95,0.009,0.0,-1,-1
10011165_264206407090274_1528076056_a,76,116,178,178,0.0,0.473,0.0,0.0,0.316,0.211,0.0,0.0,-1,-1
10011165_287341928095719_403131251_a,0,6,268,262,0.0,0.0,0.0,0.0,1.0,0.0,0.0,0.0,-1,-1
10011165_435029819974535_2009886332_a,127,85,137,137,0.0,0.001,0.0,0.0,0.011,0.986,0.002,0.0,-1,-1
10011165_648994018483702_1531229050_a,124,109,122,122,0.0,0.0,0.0,0.0,0.001,0.998,0.001,0.0,-1,-1
10011165_668352889891392_2117291404_a,0,43,189,189,0.0,0.243,0.0,0.0,0.476,0.28,0.0,0.001,-1,-1
10011165_732713223440043_1737827118_a,64,106,113,113,0.0,0.0,0.0,0.0,0.0,0.985,0.015,0.0,-1,-1
10011165_745300178844248_1813097059_a,19,64,129,129,0.0,0.0,0.0,0.0,1.0,0.0,0.0,0.0,-1,-1
10011166_1380147618912519_2098012659_a,2,63,147,147,0.0,0.005,0.0,0.001,0.193,0.784,0.003,0.014,-1,-1
10011166_1414938538766386_1448995193_a,88,140,64,64,0.0,0.0,0.0,0.0,0.469,0.531,0.0,0.0,-1,-1
10011166_1460566444176568_683861956_a,70,95,138,138,0.0,0.0,0.0,0.0,1.0,0.0,0.0,0.0,-1,-1
10011166_286422971519810_326034415_a,105,79,123,123,0.0,0.041,0.0,0.0,0.0,0.917,0.041,0.0,-1,-1
10011166_546780925436137_607545356_a,19,156,128,128,0.0,0.0,0.0,0.0,1.0,0.0,0.0,0.0,-1,-1
10011166_620247511400784_1695285723_a,0,0,243,247,0.0,0.002,0.0,0.0,0.004,0.992,0.002,0.0,-1,-1
10011166_739129832788393_76725330_a,78,160,122,122,0.0,0.187,0.001,0.0,0.572,0.016,0.0,0.223,-1,-1
10011166_891499357543064_1972200420_a,143,30,66,66,0.0,0.004,0.0,0.0,0.014,0.982,0.0,0.0,-1,-1
10011170_1497960567091943_1135247193_a,8,97,129,129,0.0,0.0,0.0,0.0,0.0,0.965,0.035,0.0,-1,-1
10011170_224612064403162_1025148709_a,59,35,150,150,0.0,0.006,0.0,0.0,0.0,0.959,0.003,0.032,-1,-1
10011170_270058113175728_404811456_a,10,80,217,217,0.005,0.0,0.002,0.003,0.001,0.017,0.971,0.0,1,-1
10011170_487612251360770_183376003_a,15,127,117,117,0.0,0.006,0.0,0.0,0.01,0.973,0.011,0.0,-1,1
10011170_762822907062735_306916989_a,46,115,170,170,0.0,0.0,0.0,0.0,0.0,0.999,0.001,0.0,-1,-1
10011171_634167929998342_2038837481_a,48,175,93,93,0.001,0.0,0.0,0.0,0.996,0.003,0.0,0.0,-1,-1
10011172_1437384689838247_1030797004_a,22,51,250,250,0.0,0.0,0.0,0.0,0.0,0.998,0.001,0.0,-1,-1
10011172_1438985566342193_1403094180_a,12,83,169,169,0.0,0.0,0.0,0.0,0.991,0.009,0.0,0.0,-1,-1
10011172_211205179088432_1522500608_a,0,31,178,149,0.0,0.039,0.0,0.0,0.959,0.002,0.0,0.0,-1,-1
10011172_248776238641152_1043391866_a,105,143,134,134,0.0,0.001,0.0,0.0,0.998,0.0,0.0,0.0,-1,-1
10011172_258712304311093_1400859037_a,90,60,183,183,0.0,0.0,0.0,0.0,0.999,0.0,0.0,0.0,-1,-1
10011172_633709583349157_1697094770_a,73,114,120,120,0.0,0.0,0.0,0.0,1.0,0.0,0.0,0.0,-1,-1
10011172_642079712511947_387621146_a,31,102,203,235,0.0,0.008,0.0,0.0,0.0,0.857,0.136,0.0,-1,1
10011172_683570365033577_862688200_a,4,92,138,138,0.0,0.0,0.0,0.0,1.0,0.0,0.0,0.0,-1,-1
10011172_772728309417898_1844756284_a,16,107,194,194,0.0,0.003,0.0,0.0,0.962,0.034,0.0,0.0,-1,1
10011173_1414031972190540_344046606_a,60,52,105,105,0.026,0.007,0.006,0.0,0.005,0.91,0.045,0.001,-1,-1
10011173_1459385387629427_1621087371_a,90,42,181,181,0.0,0.001,0.0,0.0,0.245,0.752,0.0,0.002,-1,1
10011173_227057617491046_1294203767_a,15,95,111,111,0.0,0.0,0.0,0.0,1.0,0.0,0.0,0.0,-1,-1
10011173_229194150622242_1970231453_a,14,34,216,216,0.005,0.005,0.002,0.0,0.077,0.905,0.002,0.004,-1,1
10011173_240765049441409_515346566_a,53,74,123,123,0.0,0.0,0.0,0.0,1.0,0.0,0.0,0.0,-1,-1
10011173_274004216110174_908789429_a,97,143,87,87,0.0,0.0,0.0,0.0,1.0,0.0,0.0,0.0,-1,-1
10011173_299803033505066_961195098_a,133,156,119,119,0.0,0.0,0.0,0.0,0.007,0.0,0.0,0.993,-1,-1
10011173_385300001613278_474816068_a,73,97,114,114,0.0,0.005,0.0,0.0,0.178,0.808,0.009,0.0,-1,-1
10011173_593640880726005_497801563_a,39,128,110,110,0.009,0.214,0.002,0.0,0.013,0.752,0.008,0.001,1,-1
10011173_621177307958299_938130558_a,76,68,133,133,0.0,0.0,0.0,0.0,0.0,0.999,0.0,0.0,-1,-1
10011173_722160841168197_2030335698_a,44,86,125,125,0.0,0.0,0.0,0.0,1.0,0.0,0.0,0.0,-1,-1
10011173_816408155054141_1815502339_a,16,28,240,240,0.0,0.001,0.0,0.0,0.001,0.987,0.009,0.002,-1,1
10011176_1400508070224913_31218720_a,72,68,120,120,0.0,0.0,0.0,0.0,1.0,0.0,0.0,0.0,-1,-1
10011176_243767265811173_82200736_a,68,93,115,115,0.0,0.0,0.0,0.0,1.0,0.0,0.0,0.0,-1,-1
10011176_259725910873409_1531314345_a,90,133,112,112,0.0,0.0,0.0,0.0,1.0,0.0,0.0,0.0,-1,-1
10011176_293652774127246_186587476_a,26,51,161,161,0.0,0.059,0.0,0.0,0.923,0.017,0.0,0.0,-1,-1
10011176_613084575433671_1412548086_a,65,55,109,109,0.0,0.0,0.0,0.0,0.0,0.994,0.001,0.005,-1,1
10011176_671225102944613_1183447713_a,55,81,119,119,0.0,0.0,0.0,0.0,0.0,0.999,0.0,0.0,-1,-1
10011176_700426996662093_2060191412_a,104,74,120,120,0.0,0.0,0.0,0.0,0.993,0.007,0.0,0.0,-1,-1
10011178_1484131378469584_1241109933_a,0,69,143,116,0.0,0.004,0.0,0.0,0.002,0.977,0.017,0.0,-1,-1
10011178_1488241224733237_505426573_a,53,89,118,118,0.0,0.001,0.0,0.0,0.0,0.979,0.019,0.0,-1,-1
10011180_1441746269403905_1245078020_a,66,54,136,136,0.0,0.001,0.0,0.0,0.718,0.205,0.076,0.0,-1,-1
10011180_296669310487846_910281681_a,62,90,141,141,0.0,0.003,0.0,0.0,0.591,0.405,0.0,0.0,-1,-1
10011180_304214453062466_749982767_a,20,122,107,107,0.0,0.0,0.0,0.0,1.0,0.0,0.0,0.0,-1,-1
10011180_312275425586254_281542569_a,72,98,145,145,0.0,0.0,0.0,0.0,1.0,0.0,0.0,0.0,-1,-1
10011180_479433595519226_393403599_a,61,140,54,54,0.0,0.0,0.0,0.0,0.015,0.984,0.0,0.0,-1,-1
10011180_623507171060241_1810195178_a,51,59,206,206,0.0,0.001,0.0,0.0,0.961,0.038,0.0,0.0,-1,-1
10011180_624521770974292_327513475_a,127,113,110,110,0.0,0.001,0.0,0.0,0.236,0.761,0.001,0.0,-1,-1
10011180_731452663542681_1732327332_a,43,83,138,138,0.0,0.0,0.0,0.0,1.0,0.0,0.0,0.0,-1,-1
10011180_752980001401142_1432724771_a,0,26,201,190,0.0,0.0,0.0,0.0,1.0,0.0,0.0,0.0,-1,-1
10011180_780593655286486_829030397_a,98,179,126,136,0.001,0.001,0.0,0.0,0.0,0.996,0.001,0.002,-1,-1
10011183_1421507008102385_1701449239_a,118,129,47,47,0.0,0.0,0.0,0.0,1.0,0.0,0.0,0.0,-1,-1
10011183_1421520571435788_1169073502_a,56,153,125,125,0.0,0.376,0.0,0.0,0.574,0.05,0.0,0.0,-1,-1
10011183_227731040757360_1674971001_a,16,110,116,116,0.0,0.0,0.0,0.0,1.0,0.0,0.0,0.0,-1,-1
10011183_255099991328395_1525840888_a,52,87,94,94,0.0,0.044,0.0,0.0,0.94,0.016,0.0,0.0,-1,-1
10011183_267201016793773_975307370_a,43,122,108,108,0.0,0.0,0.0,0.0,0.018,0.981,0.001,0.0,-1,1
10011183_482881781811334_122676540_a,0,67,205,203,0.0,0.001,0.0,0.0,0.046,0.953,0.0,0.0,-1,-1
10011183_600553430038860_1709224833_a,97,139,140,140,0.0,0.003,0.001,0.001,0.003,0.486,0.027,0.479,-1,-1
10011183_618354024915298_1319124725_a,28,113,97,97,0.0,0.024,0.0,0.0,0.64,0.333,0.002,0.0,-1,-1
10011183_771269939552456_1708021487_a,34,101,112,112,0.0,0.0,0.0,0.0,1.0,0.0,0.0,0.0,-1,-1
10011184_294165824082976_1952211432_a,74,72,141,141,0.0,0.0,0.0,0.0,0.0,0.999,0.0,0.001,-1,-1
10011184_391764224299147_2020353345_a,122,122,98,98,0.0,0.0,0.0,0.0,0.007,0.993,0.0,0.0,-1,-1
10011184_634441109959202_91157268_a,7,67,197,197,0.0,0.002,0.0,0.001,0.423,0.563,0.001,0.009,-1,-1
10011188_1402068056733044_1606009913_a,105,107,110,110,0.0,0.003,0.0,0.0,0.014,0.983,0.0,0.0,-1,-1
10011188_280690188763926_886351903_a,10,59,172,172,0.0,0.006,0.0,0.0,0.157,0.825,0.009,0.002,-1,-1
10011188_565541266886523_508560810_a,65,62,145,145,0.0,0.0,0.0,0.0,0.001,0.997,0.002,0.0,-1,-1
10011188_592199807537741_1879880751_a,77,28,90,90,0.0,0.0,0.0,0.0,0.997,0.002,0.001,0.0,-1,-1
10011189_485165311606818_1862223094_a,115,55,190,190,0.001,0.0,0.0,0.0,0.0,0.962,0.003,0.035,-1,-1
10011190_1377455302536757_838167096_a,47,65,151,151,0.0,0.033,0.001,0.007,0.0,0.021,0.001,0.937,-1,-1
10011190_1407906719480294_112919980_a,54,72,112,112,0.0,0.011,0.0,0.0,0.109,0.878,0.0,0.002,-1,-1
10011190_1479205082297707_284869797_a,0,141,164,195,0.0,0.028,0.0,0.0,0.13,0.761,0.08,0.0,-1,-1
10011190_228599350668948_375003323_a,7,78,149,149,0.001,0.018,0.001,0.002,0.003,0.916,0.031,0.028,-1,1
10011191_1440087576235990_1431424863_a,0,54,219,207,0.0,0.003,0.0,0.0,0.0,0.166,0.83,0.0,-1,-1
10011191_1469336736617340_638266953_a,131,70,117,117,0.0,0.0,0.0,0.0,1.0,0.0,0.0,0.0,-1,-1
10011191_1482871308595956_425559691_a,30,21,157,157,0.0,0.003,0.0,0.0,0.113,0.882,0.001,0.0,-1,-1
10011191_265009960339432_442813018_a,98,72,211,207,0.0,0.001,0.0,0.001,0.0,0.781,0.217,0.0,-1,-1
10011191_371682529641205_1912830684_a,93,91,107,107,0.0,0.003,0.0,0.0,0.001,0.645,0.001,0.35,-1,1
10011191_636887706365723_1170460413_a,158,143,122,122,0.0,0.001,0.0,0.0,0.942,0.057,0.0,0.0,-1,-1
10011191_768849243139090_1608263973_a,45,85,130,130,0.0,0.0,0.0,0.0,1.0,0.0,0.0,0.0,-1,-1
10011194_1419496584976141_350590386_a,130,58,114,114,0.0,0.0,0.0,0.0,0.986,0.014,0.0,0.0,-1,-1
10011194_1455107088058394_126678336_a,100,131,117,117,0.0,0.0,0.0,0.0,0.001,0.889,0.0,0.109,-1,1
10011194_1470832033146725_1212822086_a,0,72,150,142,0.0,0.0,0.0,0.0,0.999,0.001,0.0,0.0,-1,-1
10011194_1577546185804085_1617190385_a,45,62,144,144,0.0,0.044,0.0,0.0,0.041,0.907,0.001,0.006,-1,1
10011194_274059252763973_2113766754_a,16,54,91,91,0.0,0.0,0.0,0.0,1.0,0.0,0.0,0.0,-1,-1
10011194_308221752659462_852394328_a,32,46,137,137,0.0,0.036,0.0,0.0,0.25,0.713,0.001,0.0,-1,-1
10011194_313856735434825_1199791803_a,95,72,62,62,0.0,0.123,0.0,0.0,0.783,0.094,0.0,0.0,-1,-1
10011194_665006060214473_1297291164_a,53,18,171,171,0.0,0.001,0.0,0.0,0.954,0.044,0.0,0.0,-1,-1
10011194_822397847775057_761040053_a,86,106,91,91,0.0,0.0,0.0,0.0,1.0,0.0,0.0,0.0,-1,-1
10011196_1400328203574616_184121385_a,56,95,123,123,0.0,0.0,0.0,0.0,0.0,1.0,0.0,0.0,-1,-1
10011196_1412723195657524_465197168_a,77,64,149,149,0.0,0.0,0.0,0.0,0.0,0.972,0.027,0.0,-1,-1
10011196_258454851003680_1026381224_a,0,82,127,108,0.0,0.0,0.0,0.001,0.0,0.849,0.006,0.143,1,-1
10011196_271304656374715_2117652071_a,47,122,131,131,0.0,0.0,0.0,0.0,0.964,0.034,0.0,0.001,-1,-1
10011196_380205982118646_1660983583_a,11,87,138,138,0.0,0.002,0.0,0.0,0.0,0.987,0.01,0.0,-1,-1
10011198_299069820257910_197052521_a,97,59,161,161,0.001,0.227,0.0,0.0,0.001,0.746,0.026,0.0,-1,-1
10011198_450065978472868_1641933509_a,32,119,104,104,0.0,0.098,0.0,0.0,0.089,0.812,0.001,0.0,-1,-1
10011198_644668478904265_132244197_a,88,74,163,163,0.0,0.007,0.0,0.0,0.985,0.008,0.0,0.0,-1,-1
10011198_654760141255921_976325628_a,144,59,105,105,0.0,0.003,0.0,0.0,0.286,0.711,0.0,0.0,-1,-1
10011198_691387800909164_2013645848_a,63,82,121,121,0.0,0.011,0.0,0.0,0.314,0.658,0.016,0.0,-1,-1
10011198_735375069828751_1237491402_a,44,52,214,214,0.0,0.006,0.0,0.0,0.769,0.224,0.0,0.001,-1,-1
10011198_754170707934900_2100871109_a,1,0,165,175,0.0,0.0,0.0,0.0,0.0,0.962,0.037,0.0,-1,-1
10011201_1412318255699712_485194252_a,32,103,202,258,0.001,0.003,0.0,0.0,0.0,0.988,0.008,0.0,-1,-1
10011201_224136381115194_1835808542_a,63,68,187,187,0.027,0.1,0.062,0.011,0.088,0.02,0.001,0.691,-1,-1
10011201_229619030579129_1801187320_a,136,118,104,104,0.0,0.0,0.0,0.0,0.0,0.93,0.067,0.001,-1,-1
10011201_297767357048144_919294681_a,31,109,128,128,0.0,0.0,0.0,0.0,0.0,1.0,0.0,0.0,-1,-1
10011201_308629632624102_612279402_a,72,90,125,125,0.0,0.0,0.0,0.0,1.0,0.0,0.0,0.0,-1,-1
10011201_421762354634095_1200669540_a,3,156,126,126,0.0,0.0,0.0,0.0,1.0,0.0,0.0,0.0,-1,-1
10011201_462896547174118_751202631_a,13,70,139,139,0.0,0.0,0.0,0.0,0.0,0.996,0.001,0.003,-1,-1
10011202_1384031278510328_1199424591_a,36,153,75,75,0.0,0.006,0.0,0.0,0.006,0.982,0.005,0.0,-1,-1
10011202_1394562430822950_2063298831_a,138,0,94,113,0.0,0.0,0.0,0.0,0.0,0.993,0.007,0.0,-1,-1
10011202_1463692357198325_618755684_a,38,130,145,145,0.0,0.0,0.0,0.0,1.0,0.0,0.0,0.0,-1,-1
10011202_1476367305926571_1106009006_a,121,42,186,184,0.0,0.005,0.0,0.0,0.791,0.203,0.0,0.001,-1,-1
10011202_232735370257504_192182376_a,78,89,145,145,0.0,0.002,0.0,0.0,0.0,0.997,0.0,0.0,-1,-1
10011202_237252633065212_1255170097_a,98,61,177,177,0.0,0.0,0.0,0.0,1.0,0.0,0.0,0.0,-1,-1
10011202_243549532498410_1797476124_a,31,122,172,172,0.0,0.0,0.0,0.0,0.0,0.994,0.006,0.0,-1,-1
10011202_539984162787157_1254163179_a,75,92,134,134,0.0,0.0,0.0,0.0,1.0,0.0,0.0,0.0,-1,-1
10011203_292249077599048_1502781546_a,76,116,123,123,0.0,0.0,0.0,0.0,0.0,0.982,0.017,0.001,-1,-1
10011203_307771796038119_1720795739_a,61,87,115,115,0.0,0.0,0.0,0.0,1.0,0.0,0.0,0.0,-1,-1
10011203_629796493756755_1714050861_a,12,123,134,134,0.0,0.0,0.0,0.0,1.0,0.0,0.0,0.0,-1,-1
10011205_483762335057498_100956632_a,27,0,147,178,0.0,0.019,0.0,0.0,0.022,0.959,0.001,0.0,-1,1
10011205_488251294608293_619209792_a,42,170,133,133,0.0,0.001,0.0,0.001,0.0,0.678,0.318,0.002,-1,1
10011208_1397772957166478_680567939_a,0,38,214,212,0.0,0.055,0.0,0.0,0.009,0.929,0.006,0.0,-1,-1
10011208_1438463496398965_962218518_a,42,84,133,133,0.0,0.0,0.0,0.0,1.0,0.0,0.0,0.0,-1,-1
10011208_1462401870660866_1089053224_a,100,96,148,148,0.0,0.005,0.0,0.0,0.437,0.557,0.0,0.001,-1,-1
10011208_1467447283486900_962485531_a,7,189,116,138,0.0,0.015,0.0,0.0,0.001,0.968,0.014,0.001,1,-1
10011208_1478634882351285_1095734819_a,11,40,117,117,0.001,0.08,0.001,0.0,0.035,0.856,0.002,0.024,-1,-1
10011208_228948253965020_1533898103_a,43,123,119,119,0.0,0.0,0.0,0.0,1.0,0.0,0.0,0.0,-1,-1
10011208_240177189502783_1648550680_a,93,132,79,79,0.0,0.0,0.0,0.0,0.042,0.578,0.001,0.378,-1,-1
10011208_305159499637907_1324099301_a,101,76,126,126,0.0,0.001,0.0,0.0,0.0,0.991,0.008,0.0,-1,-1
10011208_448440251957048_89966550_a,52,62,107,107,0.0,0.0,0.0,0.0,1.0,0.0,0.0,0.0,-1,-1
10011208_539508932835276_1927695575_a,63,74,79,79,0.0,0.014,0.0,0.0,0.0,0.984,0.002,0.0,-1,1
10011208_608515179239495_2101887376_a,72,95,122,122,0.0,0.0,0.0,0.0,1.0,0.0,0.0,0.0,-1,-1
10011208_766417136710807_1264639051_a,1,0,244,269,0.0,0.0,0.0,0.0,1.0,0.0,0.0,0.0,-1,-1
10011208_855149027832096_1393339156_a,0,95,172,166,0.0,0.002,0.0,0.0,0.0,0.995,0.003,0.0,-1,1
10011209_219754168234534_1280604245_a,20,166,38,38,0.0,0.002,0.0,0.0,0.0,0.845,0.152,0.001,-1,-1
10011209_506301269481849_1475791153_a,30,105,200,224,0.0,0.013,0.0,0.0,0.959,0.028,0.0,0.0,-1,-1
10011209_653574418069990_1518106286_a,92,102,127,127,0.0,0.001,0.0,0.0,0.0,0.997,0.003,0.0,-1,-1
10011212_1412471185681686_1472583789_a,72,61,175,175,0.0,0.002,0.0,0.0,0.152,0.835,0.007,0.004,-1,-1
10011212_1438282666415406_1604550683_a,46,71,136,136,0.0,0.002,0.001,0.001,0.123,0.841,0.027,0.006,-1,-1
10011212_1514346228792785_181486529_a,61,71,132,132,0.016,0.009,0.001,0.0,0.0,0.966,0.007,0.001,-1,-1
10011214_1423944747856736_1753378622_a,147,138,88,88,0.0,0.0,0.0,0.0,1.0,0.0,0.0,0.0,-1,-1
10011214_1463404683893862_602336873_a,125,49,142,142,0.0,0.01,0.0,0.0,0.275,0.714,0.001,0.0,-1,1
10011214_284095955083414_1741512405_a,56,92,137,137,0.0,0.0,0.0,0.0,1.0,0.0,0.0,0.0,-1,-1
10011214_306101402874172_715247824_a,82,80,126,126,0.001,0.0,0.0,0.005,0.076,0.51,0.002,0.405,-1,-1
10011214_452984951500656_68913089_a,31,58,152,152,0.0,0.0,0.0,0.0,0.812,0.187,0.0,0.0,-1,-1
10011214_532963206821438_835805107_a,20,30,147,147,0.0,0.002,0.0,0.0,0.414,0.584,0.0,0.0,-1,-1
10011214_616681568409056_815878646_a,0,24,158,148,0.008,0.001,0.041,0.0,0.95,0.0,0.0,0.0,1,-1
10011214_696004230446579_536626816_a,42,87,121,121,0.0,0.003,0.0,0.0,0.0,0.947,0.05,0.0,-1,-1
10011216_225937810947384_237841696_a,0,0,305,303,0.0,0.005,0.0,0.0,0.935,0.056,0.0,0.002,-1,-1
10011216_237816789754970_1334015282_a,84,111,102,102,0.004,0.029,0.0,0.0,0.0,0.908,0.058,0.0,-1,-1
10011216_248286655355336_472392116_a,78,75,146,146,0.001,0.008,0.0,0.0,0.001,0.961,0.029,0.0,-1,1
10011216_424419351028004_904461507_a,20,26,161,161,0.0,0.0,0.0,0.0,0.994,0.004,0.001,0.0,-1,-1
10011216_611335055616531_203780995_a,115,78,161,161,0.002,0.001,0.002,0.0,0.0,0.926,0.002,0.067,-1,-1
10011216_657386527641732_5704466_a,83,83,158,158,0.0,0.013,0.0,0.0,0.018,0.953,0.014,0.001,-1,1
10011216_738986122788473_185122953_a,54,43,220,220,0.0,0.002,0.0,0.0,0.011,0.972,0.004,0.01,-1,-1
10011219_1385614785052426_1548267110_a,0,0,173,170,0.0,0.0,0.0,0.0,1.0,0.0,0.0,0.0,-1,-1
10011219_228526010677421_1667266700_a,98,58,223,207,0.0,0.0,0.0,0.0,0.0,0.0,1.0,0.0,-1,-1
10011219_234372376766241_1564937875_a,70,33,87,87,0.0,0.0,0.0,0.0,0.999,0.0,0.0,0.0,-1,-1
10011219_289201014538021_1457174163_a,0,50,215,213,0.0,0.001,0.0,0.0,0.353,0.646,0.0,0.0,-1,-1
10011219_545331995583066_581636816_a,74,137,75,75,0.0,0.0,0.0,0.0,0.995,0.005,0.0,0.0,-1,-1
10011220_1413079258953399_155280104_a,98,164,41,41,0.0,0.0,0.0,0.0,0.0,0.997,0.003,0.0,-1,-1
10011220_1494457507442402_1344802980_a,10,47,102,102,0.0,0.0,0.0,0.0,0.988,0.011,0.0,0.0,-1,-1
10011220_648480071885768_658006229_a,102,199,106,119,0.0,0.025,0.0,0.0,0.721,0.254,0.001,0.0,-1,-1
10011221_1398349333774452_1025901490_a,72,65,143,143,0.004,0.009,0.099,0.001,0.001,0.06,0.826,0.0,-1,-1
10011221_1436307113279603_361078050_a,52,53,176,176,0.0,0.0,0.0,0.0,0.012,0.987,0.0,0.0,-1,-1
10011221_308894099258267_656886298_a,51,110,105,105,0.0,0.001,0.0,0.0,0.617,0.38,0.001,0.002,-1,-1
10011221_531392100303685_1120453315_a,0,66,174,154,0.0,0.0,0.0,0.0,0.0,0.997,0.003,0.0,-1,-1
10011221_563953603702798_45680700_a,3,93,97,97,0.0,0.0,0.0,0.0,1.0,0.0,0.0,0.0,-1,-1
10011221_624665630948866_929597038_a,66,97,109,109,0.0,0.0,0.0,0.0,0.999,0.001,0.0,0.0,-1,-1
10011221_722659544423483_1264633447_a,5,91,111,111,0.0,0.0,0.0,0.0,1.0,0.0,0.0,0.0,-1,-1
10011221_744996292208010_1622282213_a,7,62,119,119,0.0,0.0,0.0,0.0,0.0,0.971,0.029,0.0,-1,1
10011221_774894735854516_2134162852_a,113,105,57,57,0.0,0.0,0.0,0.0,1.0,0.0,0.0,0.0,-1,-1
10011222_1411939949074318_169881280_a,74,25,187,187,0.0,0.0,0.0,0.0,1.0,0.0,0.0,0.0,-1,-1
10011222_1423741251210542_936443393_a,50,54,188,188,0.0,0.001,0.0,0.0,0.01,0.988,0.0,0.0,-1,-1
10011222_142964565874253_1134447054_a,86,85,150,150,0.0,0.001,0.0,0.0,0.0,0.895,0.104,0.0,-1,-1
10011222_1490393591188758_731602680_a,73,124,93,93,0.0,0.004,0.0,0.0,0.22,0.772,0.003,0.0,-1,-1
10011222_376779395798274_135978081_a,32,104,126,126,0.0,0.025,0.0,0.0,0.002,0.969,0.003,0.0,-1,-1
10011222_443296415817264_447550690_a,54,68,148,148,0.0,0.0,0.0,0.0,1.0,0.0,0.0,0.0,-1,-1
10011222_524100474367642_1474144729_a,57,39,160,160,0.0,0.002,0.0,0.0,0.0,0.989,0.008,0.001,-1,-1
10011222_670319776338407_581048138_a,57,89,167,167,0.0,0.0,0.0,0.0,0.991,0.008,0.0,0.0,-1,-1
10011222_684246961638770_1721896988_a,66,93,107,107,0.0,0.0,0.0,0.0,1.0,0.0,0.0,0.0,-1,-1
10011222_757209180979164_97391981_a,78,68,140,140,0.0,0.0,0.0,0.0,0.001,0.998,0.001,0.0,-1,-1
10011222_847857478573787_60785392_a,0,58,186,159,0.043,0.0,0.0,0.0,0.957,0.0,0.0,0.0,-1,-1
10011225_442129132556969_868836956_a,95,160,98,98,0.0,0.0,0.0,0.0,0.0,0.999,0.0,0.0,-1,-1
10011226_1385023831736226_75855063_a,45,105,100,100,0.0,0.0,0.0,0.0,0.999,0.0,0.0,0.0,-1,-1
10011226_1411089522489058_2084959335_a,146,185,120,127,0.0,0.002,0.0,0.0,0.0,0.996,0.002,0.0,-1,-1
10011226_1413806522215324_1870638017_a,64,26,121,121,0.0,0.0,0.0,0.0,0.002,0.996,0.001,0.0,-1,-1
10011226_1480342248844485_201798834_a,67,57,202,202,0.0,0.002,0.0,0.0,0.775,0.22,0.003,0.0,-1,-1
10011226_1484569555104567_1415020850_a,42,102,120,120,0.0,0.0,0.0,0.0,0.352,0.647,0.001,0.0,-1,-1
10011226_1488147348075986_1237772788_a,120,62,163,163,0.0,0.264,0.0,0.0,0.637,0.097,0.001,0.001,-1,-1
10011226_225833047606706_422641644_a,7,61,95,95,0.0,0.007,0.0,0.0,0.005,0.938,0.05,0.0,-1,-1
10011226_333918323399757_1753638033_a,26,43,235,235,0.028,0.244,0.004,0.0,0.008,0.711,0.005,0.001,-1,1
10011226_426511290826409_31427118_a,56,104,105,105,0.0,0.022,0.0,0.0,0.061,0.917,0.0,0.0,-1,-1
10011226_481578871969427_1700931256_a,98,81,141,141,0.0,0.0,0.0,0.0,1.0,0.0,0.0,0.0,-1,-1
10011227_1401167676825295_1876215505_a,0,58,138,138,0.0,0.002,0.0,0.0,0.829,0.169,0.0,0.0,-1,-1
10011227_1401578483448940_118124026_a,41,113,108,108,0.0,0.0,0.0,0.0,1.0,0.0,0.0,0.0,-1,-1
10011227_1421454458108662_1242714501_a,70,60,157,157,0.0,0.038,0.0,0.001,0.633,0.034,0.0,0.294,-1,-1
10011227_1442491695990264_675604868_a,101,115,44,44,0.0,0.0,0.0,0.0,0.0,0.963,0.0,0.035,-1,1
10011227_239834932889262_1456202147_a,45,110,148,148,0.0,0.213,0.0,0.0,0.081,0.704,0.001,0.0,-1,-1
10011227_265000050327498_1705049833_a,113,69,155,155,0.0,0.0,0.0,0.0,0.0,0.998,0.001,0.0,-1,-1
10011227_277179619109441_1674395012_a,84,0,159,175,0.0,0.001,0.0,0.0,0.447,0.552,0.0,0.0,-1,-1
10011227_318456924968158_286509100_a,103,167,116,116,0.105,0.001,0.001,0.0,0.0,0.891,0.001,0.0,-1,-1
10011227_653946054676218_1949321544_a,75,97,110,110,0.0,0.0,0.0,0.0,1.0,0.0,0.0,0.0,-1,-1
10011227_677092929019383_110014725_a,28,0,174,197,0.0,0.001,0.0,0.0,0.002,0.997,0.0,0.0,-1,-1
10011227_681484265251342_1729841439_a,63,108,139,139,0.0,0.0,0.0,0.0,1.0,0.0,0.0,0.0,-1,-1
10011227_725404077503687_376815595_a,37,98,96,96,0.0,0.028,0.0,0.0,0.001,0.966,0.005,0.0,-1,1
10011231_1435560106684254_1402613719_a,35,100,93,93,0.0,0.0,0.0,0.0,0.999,0.001,0.0,0.0,-1,-1
10011231_1494137024140957_457028703_a,74,160,109,109,0.001,0.001,0.0,0.0,0.0,0.97,0.0,0.027,-1,-1
10011231_249268791923539_780847264_a,51,76,121,121,0.0,0.0,0.0,0.0,0.003,0.995,0.001,0.0,-1,-1
10011231_506321479479869_256299293_a,32,70,141,141,0.0,0.001,0.0,0.0,0.466,0.533,0.0,0.0,-1,-1
10011231_605182409565903_1439688367_a,65,74,147,147,0.0,0.0,0.0,0.0,1.0,0.0,0.0,0.0,-1,-1
10011231_614140025329070_1409035198_a,74,80,151,151,0.0,0.0,0.0,0.0,1.0,0.0,0.0,0.0,-1,-1
10011231_782252498454119_1073265215_a,43,88,161,161,0.0,0.002,0.0,0.0,0.001,0.996,0.001,0.0,-1,-1
10011232_1424478731135636_321461098_a,18,43,206,206,0.0,0.104,0.0,0.0,0.679,0.214,0.002,0.001,-1,-1
10011232_1462836237282007_2117664354_a,56,110,101,101,0.005,0.0,0.001,0.002,0.991,0.0,0.0,0.001,-1,-1
10011232_279442122219109_583236864_a,112,82,103,103,0.0,0.0,0.0,0.0,0.964,0.0,0.0,0.036,-1,-1
10011232_691357474264885_977704241_a,99,21,186,186,0.0,0.086,0.0,0.0,0.513,0.4,0.0,0.0,-1,-1
10011232_719077831466431_411032922_a,79,104,134,134,0.0,0.001,0.0,0.0,0.448,0.551,0.0,0.0,-1,-1
10011234_1396780613932894_880446572_a,80,121,78,78,0.0,0.0,0.0,0.0,1.0,0.0,0.0,0.0,-1,-1
10011234_1401918026749941_189543375_a,33,98,101,101,0.0,0.0,0.0,0.0,1.0,0.0,0.0,0.0,-1,-1
10011234_1490820084470870_114873066_a,38,111,120,120,0.0,0.001,0.0,0.0,0.999,0.0,0.0,0.0,-1,-1
10011234_253269798189941_1325693774_a,13,96,116,116,0.0,0.001,0.0,0.0,0.485,0.514,0.0,0.0,-1,-1
10011234_278040559037996_177173964_a,77,70,154,154,0.001,0.74,0.002,0.002,0.001,0.007,0.0,0.248,-1,1
10011234_567096583388051_306968845_a,101,116,118,118,0.001,0.001,0.0,0.0,0.0,0.994,0.004,0.0,-1,-1
10011234_572333236208112_243116836_a,23,30,159,159,0.0,0.0,0.0,0.0,0.99,0.01,0.0,0.0,-1,-1
10011234_601914419922087_1498083592_a,16,88,133,133,0.001,0.114,0.0,0.0,0.326,0.556,0.002,0.0,-1,-1
10011234_630422873693099_730181086_a,85,0,160,179,0.02,0.005,0.0,0.0,0.0,0.973,0.001,0.0,-1,-1
10011234_734456783271597_1187750514_a,0,127,178,180,0.0,0.002,0.0,0.0,0.008,0.987,0.003,0.001,-1,-1
10011237_463454653787934_1525406116_a,109,63,151,151,0.002,0.015,0.0,0.0,0.0,0.979,0.004,0.0,-1,-1
10011237_525669714208920_1550812053_a,44,53,171,171,0.0,0.001,0.0,0.0,0.0,0.286,0.0,0.712,-1,-1
10011237_656384121095695_449154041_a,10,88,194,194,0.0,0.0,0.0,0.0,0.999,0.0,0.0,0.0,-1,-1
10011238_271197359707602_574842989_a,110,80,152,152,0.0,0.0,0.0,0.0,0.0,0.183,0.0,0.816,-1,-1
10011238_287242621435119_645506921_a,135,95,101,101,0.157,0.134,0.013,0.001,0.005,0.621,0.069,0.001,-1,-1
10011238_381689615304624_1787518514_a,6,64,158,158,0.0,0.063,0.0,0.0,0.473,0.462,0.001,0.0,-1,-1
10011238_433576686776983_505214773_a,7,156,133,133,0.0,0.0,0.0,0.0,1.0,0.0,0.0,0.0,-1,-1
10011238_530418530402605_42105808_a,8,4,222,222,0.0,0.074,0.0,0.0,0.926,0.0,0.0,0.0,-1,-1
10011238_728861027135224_1086630731_a,47,154,117,117,0.0,0.0,0.0,0.0,1.0,0.0,0.0,0.0,-1,-1
10011239_1379647715629409_758940652_a,0,48,209,166,0.001,0.0,0.0,0.0,0.999,0.0,0.0,0.0,-1,-1
10011239_1429494533965228_1256317804_a,49,146,126,126,0.006,0.0,0.0,0.0,0.0,0.993,0.0,0.0,-1,-1
10011239_1459333720965961_1770415509_a,73,53,101,101,0.0,0.001,0.0,0.0,0.154,0.832,0.002,0.011,-1,-1
10011239_217764825100672_1813630485_a,58,79,123,123,0.0,0.0,0.0,0.0,1.0,0.0,0.0,0.0,-1,-1
10011239_224785331063209_556735904_a,73,106,118,118,0.0,0.0,0.0,0.0,0.254,0.746,0.0,0.0,-1,-1
10011239_260731070773949_597246469_a,88,55,166,166,0.0,0.026,0.0,0.0,0.0,0.964,0.007,0.003,-1,-1
10011239_290323654468786_1962929249_a,86,0,106,125,0.0,0.0,0.0,0.0,1.0,0.0,0.0,0.0,-1,-1
10011239_433259793486540_1385896583_a,65,107,114,114,0.0,0.036,0.0,0.0,0.013,0.943,0.007,0.0,-1,-1
10011239_527619840680995_158558194_a,45,119,118,118,0.0,0.042,0.0,0.0,0.945,0.013,0.0,0.0,-1,-1
10011239_640078842711822_1693936569_a,7,67,163,163,0.0,0.001,0.0,0.0,0.999,0.0,0.0,0.0,-1,-1
10011240_1391320431090451_197973931_a,82,38,106,106,0.0,0.0,0.0,0.0,1.0,0.0,0.0,0.0,-1,-1
10011240_1416629168598280_1937810940_a,90,98,138,138,0.0,0.0,0.0,0.0,0.0,0.997,0.003,0.0,-1,-1
10011240_1463789973854561_498847768_a,32,122,61,61,0.0,0.0,0.0,0.0,1.0,0.0,0.0,0.0,-1,-1
10011240_229267210603962_773875201_a,1,125,136,136,0.0,0.258,0.0,0.0,0.171,0.569,0.001,0.001,1,-1
10011240_229381207259448_419685911_a,19,8,126,126,0.0,0.0,0.0,0.0,0.068,0.931,0.001,0.0,-1,-1
10011240_236473639891306_2135717727_a,119,92,133,133,0.0,0.0,0.0,0.0,1.0,0.0,0.0,0.0,-1,-1
10011240_237941479744371_891031490_a,6,120,103,103,0.0,0.0,0.0,0.0,1.0,0.0,0.0,0.0,-1,-1
10011240_277969259047204_1963313757_a,18,39,87,87,0.0,0.0,0.0,0.0,1.0,0.0,0.0,0.0,-1,-1
10011240_279023262264939_1566233923_a,42,17,162,162,0.0,0.0,0.0,0.0,0.999,0.001,0.0,0.0,-1,-1
10011240_328418197312952_201650720_a,62,112,100,100,0.0,0.0,0.0,0.0,0.0,0.999,0.001,0.0,-1,-1
10011240_697147977011423_2042450174_a,98,120,170,170,0.0,0.002,0.0,0.0,0.791,0.207,0.0,0.0,-1,-1
10011240_729444887106069_922546996_a,12,56,195,195,0.0,0.001,0.0,0.0,0.12,0.879,0.0,0.0,-1,-1
10011240_847865261897091_925820261_a,13,78,176,176,0.0,0.0,0.0,0.0,1.0,0.0,0.0,0.0,-1,-1
10011244_1459856590914702_1196799382_a,17,128,42,42,0.0,0.0,0.0,0.0,0.318,0.681,0.0,0.0,-1,-1
10011244_1477413319138791_539363354_a,19,86,147,147,0.0,0.001,0.0,0.0,0.313,0.685,0.0,0.0,-1,-1
10011244_519498744828089_1165614013_a,97,17,221,208,0.001,0.059,0.001,0.0,0.266,0.665,0.006,0.002,-1,-1
10011244_625648397515799_104445645_a,69,28,96,96,0.0,0.0,0.0,0.0,1.0,0.0,0.0,0.0,-1,-1
10011244_659018914145947_2060782045_a,45,68,194,194,0.0,0.0,0.0,0.0,0.836,0.162,0.001,0.0,-1,-1
10011244_836172906410866_555653944_a,45,117,120,120,0.0,0.001,0.004,0.0,0.761,0.215,0.02,0.0,-1,-1
10011245_1440929006150601_1869690382_a,27,80,143,143,0.0,0.015,0.0,0.0,0.892,0.08,0.0,0.013,-1,-1
10011245_1481421755407307_469394823_a,53,51,145,145,0.0,0.0,0.0,0.0,0.055,0.944,0.001,0.0,-1,1
10011245_254751891371261_1236487848_a,0,79,154,143,0.0,0.003,0.0,0.0,0.001,0.926,0.0,0.068,-1,1
10011245_568345783263968_678274280_a,60,74,82,82,0.0,0.013,0.0,0.0,0.323,0.663,0.0,0.0,-1,-1
10011245_625600284194254_432259747_a,93,80,147,147,0.0,0.001,0.0,0.0,0.998,0.0,0.0,0.0,-1,-1
10011249_1402164046724887_1892159085_a,102,129,176,192,0.0,0.001,0.0,0.0,0.971,0.029,0.0,0.0,-1,-1
10011249_222758167922392_2043867338_a,56,105,111,111,0.0,0.002,0.0,0.0,0.195,0.802,0.001,0.0,-1,-1
10011249_430117333791791_2142462616_a,79,194,111,128,0.0,0.0,0.0,0.0,1.0,0.0,0.0,0.0,-1,-1
10011249_488077347959556_2049928078_a,28,62,187,187,0.0,0.0,0.0,0.0,1.0,0.0,0.0,0.0,-1,-1
10011249_529933100458542_310976383_a,147,103,96,96,0.0,0.003,0.0,0.0,0.0,0.975,0.021,0.0,-1,-1
10011249_742968749070292_1016389158_a,97,114,150,150,0.017,0.006,0.001,0.0,0.0,0.963,0.013,0.0,-1,-1
10011250_1386908698255513_1940056581_a,39,103,113,113,0.0,0.003,0.0,0.0,0.006,0.991,0.0,0.0,-1,-1
10011250_1438401626399483_1397230605_a,40,42,208,208,0.001,0.004,0.0,0.0,0.053,0.941,0.001,0.0,-1,-1
10011250_1467676606796668_647437454_a,43,87,169,169,0.0,0.172,0.0,0.0,0.026,0.8,0.001,0.0,-1,1
10011250_297034443787930_758754964_a,59,96,149,149,0.0,0.0,0.0,0.0,1.0,0.0,0.0,0.0,-1,-1
10011250_307645406050143_1941008226_a,101,128,149,149,0.001,0.051,0.0,0.0,0.001,0.946,0.001,0.0,-1,-1
10011250_430491727087499_2097418467_a,39,75,230,235,0.0,0.01,0.0,0.0,0.001,0.982,0.006,0.0,-1,-1
10011250_611754085583731_1327554005_a,3,51,143,143,0.008,0.002,0.0,0.0,0.003,0.987,0.001,0.0,-1,-1
10011250_624452360973090_1962026268_a,78,109,97,97,0.0,0.0,0.0,0.0,0.0,1.0,0.0,0.0,-1,-1
10011250_669132153154203_2053313796_a,93,90,129,129,0.0,0.001,0.0,0.0,0.0,0.991,0.0,0.008,-1,-1
10011250_728615073828161_826942002_a,71,110,105,105,0.016,0.001,0.0,0.0,0.0,0.982,0.001,0.0,-1,-1
10011250_738909986140740_1475703503_a,75,94,155,155,0.0,0.0,0.0,0.0,1.0,0.0,0.0,0.0,-1,-1
10011252_1379945625620091_1036437323_a,15,54,243,243,0.313,0.141,0.492,0.0,0.004,0.05,0.001,0.0,-1,1
10011252_1423362407913858_583147598_a,87,76,142,142,0.0,0.0,0.0,0.0,0.997,0.003,0.0,0.0,-1,-1
10011252_1491436487742865_1250332623_a,5,88,139,139,0.0,0.0,0.0,0.0,1.0,0.0,0.0,0.0,-1,-1
10011252_227603627436883_260124673_a,0,24,235,218,0.0,0.001,0.0,0.0,0.004,0.99,0.005,0.0,-1,-1
10011254_230655927135597_55434468_a,0,87,150,133,0.0,0.0,0.0,0.0,0.0,0.987,0.0,0.012,-1,1
10011254_536710559778786_1674754765_a,88,38,126,126,0.0,0.002,0.0,0.0,0.091,0.905,0.0,0.001,-1,-1
10011255_1390425684513308_531008069_a,48,79,156,156,0.224,0.105,0.661,0.0,0.005,0.005,0.0,0.0,-1,1
10011255_1422890674630568_1204111746_a,0,0,264,283,0.0,0.001,0.0,0.0,0.027,0.964,0.007,0.001,-1,-1
10011255_237182439818721_357950784_a,53,107,109,109,0.0,0.006,0.0,0.0,0.0,0.981,0.013,0.0,-1,-1
10011255_238866049639571_628323908_a,49,93,119,119,0.0,0.0,0.0,0.0,0.0,1.0,0.0,0.0,-1,-1
10011255_282322428598018_1253591058_a,54,104,116,116,0.0,0.0,0.0,0.0,1.0,0.0,0.0,0.0,-1,-1
10011255_301784246613108_1573890601_a,90,71,129,129,0.0,0.001,0.0,0.0,0.997,0.002,0.0,0.0,-1,-1
10011255_441098002692794_631347250_a,102,12,141,141,0.172,0.01,0.002,0.0,0.0,0.001,0.0,0.815,-1,1
10011255_460233134107736_1956135194_a,127,62,131,131,0.0,0.001,0.0,0.0,0.901,0.098,0.0,0.0,-1,-1
10011255_702785626446569_192812744_a,85,36,142,142,0.002,0.001,0.001,0.0,0.235,0.758,0.004,0.0,-1,-1
10011255_750207651691411_1220954444_a,102,34,107,107,0.0,0.499,0.0,0.0,0.0,0.495,0.006,0.0,-1,1
10011255_833977806615551_1235740737_a,98,47,161,161,0.0,0.001,0.0,0.0,0.963,0.036,0.0,0.0,-1,-1
10011256_1489228561298740_1278363959_a,34,110,106,106,0.0,0.005,0.0,0.0,0.417,0.573,0.001,0.003,-1,-1
10011256_299045853584420_1644407426_a,0,77,142,139,0.0,0.001,0.0,0.0,0.886,0.113,0.0,0.0,-1,-1
10011256_606024726148454_563527837_a,63,116,121,121,0.0,0.609,0.0,0.0,0.041,0.349,0.0,0.0,-1,-1
10011258_137559203081040_590436154_a,62,148,78,78,0.0,0.0,0.0,0.0,0.905,0.095,0.0,0.0,-1,-1
10011258_487653578002478_1878768746_a,19,96,106,106,0.0,0.095,0.0,0.0,0.108,0.797,0.0,0.0,-1,-1
10011258_581303045299520_1581460447_a,82,58,153,153,0.001,0.002,0.004,0.0,0.656,0.336,0.001,0.0,-1,-1
10011258_604324156327045_1477160891_a,33,28,138,138,0.0,0.0,0.0,0.0,0.0,0.997,0.002,0.0,-1,-1
10011258_726558690728102_1007109523_a,72,66,163,163,0.066,0.006,0.015,0.134,0.307,0.004,0.017,0.451,-1,-1
10011260_1412253269041365_407514248_a,110,60,106,106,0.001,0.008,0.0,0.0,0.0,0.566,0.424,0.0,-1,-1
10011261_1440457902860209_854069855_a,21,89,110,110,0.0,0.0,0.0,0.0,1.0,0.0,0.0,0.0,-1,-1
10011261_231295127071383_1280533161_a,102,60,155,155,0.0,0.034,0.0,0.0,0.095,0.87,0.001,0.0,-1,-1
10011261_426842920793745_472407087_a,46,37,212,212,0.0,0.104,0.0,0.0,0.021,0.875,0.0,0.0,-1,1
10011261_478518155609948_514295049_a,0,21,181,164,0.0,0.0,0.0,0.0,1.0,0.0,0.0,0.0,-1,-1
10011261_613083745450723_1148479982_a,71,86,117,117,0.0,0.0,0.0,0.0,1.0,0.0,0.0,0.0,-1,-1
10011262_1385917091687882_1130816655_a,51,0,165,175,0.001,0.038,0.0,0.0,0.147,0.811,0.001,0.002,1,-1
10011262_248059255380493_333521955_a,60,128,100,100,0.0,0.001,0.0,0.0,0.0,0.905,0.093,0.001,-1,1
10011262_267932596713990_1363472855_a,50,75,117,117,0.0,0.0,0.0,0.0,1.0,0.0,0.0,0.0,-1,-1
10011262_494471250657274_2011881900_a,102,93,141,141,0.007,0.274,0.007,0.005,0.003,0.607,0.006,0.092,-1,1
10011262_525608414217151_893051929_a,22,64,120,120,0.0,0.195,0.001,0.0,0.679,0.069,0.055,0.0,-1,-1
10011262_620864954650155_2022988805_a,32,66,150,150,0.003,0.006,0.005,0.005,0.008,0.944,0.015,0.013,-1,-1
10011262_713579542018242_348174626_a,55,67,137,137,0.0,0.289,0.0,0.0,0.455,0.249,0.0,0.006,-1,1
10011262_723326724386235_267132809_a,19,0,83,104,0.014,0.006,0.001,0.0,0.0,0.945,0.033,0.0,-1,-1
10011266_1385750038372382_677908416_a,6,101,124,124,0.0,0.0,0.0,0.0,1.0,0.0,0.0,0.0,-1,-1
10011266_1482555118622722_338256488_a,76,0,127,155,0.0,0.273,0.0,0.0,0.377,0.35,0.0,0.0,-1,-1
10011266_1492900024271706_836588761_a,72,104,97,97,0.0,0.0,0.0,0.0,1.0,0.0,0.0,0.0,-1,-1
10011266_491432130958715_219214926_a,33,115,120,120,0.0,0.003,0.0,0.0,0.0,0.995,0.001,0.0,-1,-1
10011266_535182046600965_1530931178_a,91,51,140,140,0.0,0.0,0.0,0.0,1.0,0.0,0.0,0.0,-1,-1
10011266_554009781364090_478260684_a,72,111,97,97,0.0,0.0,0.0,0.0,0.0,0.991,0.008,0.001,-1,-1
10011266_628160273929691_787663924_a,61,89,171,171,0.0,0.002,0.0,0.001,0.002,0.643,0.351,0.001,-1,-1
10011267_1438110316435006_770269084_a,0,105,166,166,0.0,0.0,0.0,0.0,1.0,0.0,0.0,0.0,-1,-1
10011269_1423550841237644_28185606_a,40,101,165,165,0.0,0.001,0.0,0.0,0.752,0.169,0.0,0.077,-1,-1
10011269_1438365446403266_1409897661_a,11,79,119,119,0.0,0.0,0.0,0.0,0.001,0.992,0.007,0.0,-1,-1
10011269_392568980884652_980498290_a,108,135,108,108,0.094,0.0,0.001,0.0,0.905,0.0,0.0,0.0,-1,-1
10011269_454733991325917_1416398373_a,91,71,140,140,0.0,0.0,0.0,0.0,0.904,0.095,0.0,0.001,-1,-1
10011269_490436214417421_168847150_a,64,2,168,168,0.0,0.078,0.0,0.0,0.814,0.108,0.0,0.0,-1,-1
10011269_615379825218996_1803382461_a,62,34,163,163,0.0,0.001,0.0,0.0,0.006,0.993,0.0,0.0,-1,-1
10011269_642974922417054_21642898_a,75,76,113,113,0.0,0.0,0.0,0.0,1.0,0.0,0.0,0.0,-1,-1
10011269_697274306981983_173945719_a,20,73,152,152,0.0,0.0,0.0,0.0,0.927,0.072,0.0,0.0,-1,-1
10011271_508783095898383_447735749_a,71,40,216,216,0.0,0.0,0.0,0.0,0.0,0.999,0.001,0.0,-1,-1
10011272_1408148792788231_660058029_a,40,40,132,132,0.0,0.002,0.0,0.0,0.036,0.961,0.001,0.001,-1,-1
10011272_1409034312699488_1726587610_a,77,73,185,185,0.0,0.0,0.0,0.0,0.999,0.001,0.0,0.0,-1,-1
10011272_1410398699230560_1521282524_a,55,138,159,159,0.003,0.088,0.0,0.0,0.039,0.87,0.0,0.0,-1,1
10011272_1486031628278059_595898074_a,46,50,116,116,0.0,0.0,0.0,0.0,0.0,0.995,0.005,0.0,-1,1
10011272_633386986741569_721863691_a,13,86,172,172,0.0,0.007,0.0,0.0,0.577,0.415,0.0,0.0,-1,-1
10011272_736621633025633_855970097_a,47,112,58,58,0.0,0.002,0.0,0.0,0.998,0.0,0.0,0.0,-1,-1
10011272_765006366857695_2085187581_a,27,105,178,178,0.0,0.002,0.0,0.0,0.901,0.097,0.0,0.0,-1,-1
10011273_1401635583445162_1104783358_a,3,33,238,238,0.0,0.002,0.0,0.0,0.998,0.0,0.0,0.0,-1,-1
10011273_1484795775072725_1335912958_a,102,100,100,100,0.0,0.0,0.0,0.0,1.0,0.0,0.0,0.0,-1,-1
10011273_497501520355924_774193409_a,88,90,147,147,0.0,0.0,0.0,0.0,0.0,0.959,0.019,0.021,-1,-1
10011273_597506080344975_1894471026_a,0,31,145,142,0.0,0.0,0.0,0.0,0.0,0.991,0.003,0.006,-1,-1
10011273_605723409520365_1351334701_a,113,97,153,153,0.0,0.033,0.0,0.0,0.001,0.963,0.003,0.0,-1,-1
10011273_731649663552616_790138049_a,41,200,65,65,0.001,0.001,0.0,0.0,0.039,0.958,0.001,0.0,-1,-1
10011276_233440910193088_1096866762_a,105,132,51,51,0.0,0.002,0.0,0.001,0.001,0.626,0.37,0.0,-1,-1
10011277_1419920284933625_1496759521_a,105,77,132,132,0.051,0.003,0.004,0.0,0.0,0.941,0.001,0.0,-1,1
10011277_228900457306089_1659363253_a,0,84,221,214,0.0,0.001,0.0,0.0,0.0,0.997,0.002,0.0,-1,-1
10011278_1422640264658216_1551938316_a,37,75,108,108,0.0,0.019,0.0,0.0,0.173,0.785,0.022,0.0,-1,-1
10011278_1440036449569739_1991590510_a,77,62,164,164,0.0,0.001,0.0,0.0,0.0,0.993,0.005,0.0,-1,1
10011278_1483219165226749_638980489_a,95,88,119,119,0.0,0.001,0.0,0.0,0.997,0.001,0.0,0.001,-1,-1
10011278_250845055101100_1654048280_a,56,119,111,111,0.005,0.0,0.0,0.001,0.0,0.065,0.0,0.929,-1,1
10011278_478386638929265_1413128261_a,139,99,115,115,0.0,0.0,0.0,0.0,1.0,0.0,0.0,0.0,-1,-1
10011278_675712322470883_403408406_a,84,91,141,141,0.0,0.0,0.0,0.0,1.0,0.0,0.0,0.0,-1,-1
10011278_713981168654462_1372938186_a,11,91,109,109,0.0,0.005,0.0,0.0,0.182,0.812,0.0,0.0,-1,-1
10011279_1491132887776419_753063327_a,34,7,117,117,0.0,0.0,0.0,0.0,1.0,0.0,0.0,0.0,-1,-1
10011279_242952719223044_1788672267_a,74,65,200,200,0.005,0.067,0.002,0.002,0.001,0.346,0.001,0.576,-1,-1
10011279_375431522598169_1252769546_a,50,66,115,115,0.0,0.0,0.0,0.0,0.0,0.995,0.004,0.0,-1,-1
10011279_427253850752806_1956403626_a,125,78,165,165,0.0,0.0,0.0,0.0,0.0,1.0,0.0,0.0,-1,-1
10011279_551301758323484_2054147454_a,98,111,123,123,0.0,0.0,0.0,0.0,0.0,0.976,0.023,0.0,-1,-1
10011279_724863687536447_2054296129_a,61,53,133,133,0.0,0.0,0.0,0.0,1.0,0.0,0.0,0.0,-1,-1
10011281_1412670585662941_729891116_a,119,76,134,134,0.0,0.0,0.0,0.0,0.001,0.998,0.001,0.0,-1,-1
10011281_1424849114432300_1311896554_a,46,74,102,102,0.0,0.0,0.0,0.0,0.966,0.007,0.0,0.026,-1,-1
10011281_1432790006968365_1361706310_a,54,101,98,98,0.0,0.0,0.0,0.0,1.0,0.0,0.0,0.0,-1,-1
10011281_265867906924410_1478859464_a,0,88,109,109,0.0,0.0,0.0,0.0,1.0,0.0,0.0,0.0,-1,-1
10011281_278264332341527_1609462569_a,75,87,116,116,0.0,0.048,0.0,0.0,0.0,0.945,0.004,0.003,-1,-1
10011281_385974674877083_1377526492_a,82,124,101,101,0.097,0.006,0.073,0.02,0.033,0.267,0.016,0.489,1,-1
10011281_842443335770860_2069003716_a,0,95,111,93,0.0,0.006,0.0,0.0,0.034,0.958,0.003,0.0,-1,-1
10011285_229179150612971_1370735031_a,93,109,96,96,0.0,0.001,0.0,0.0,0.369,0.629,0.0,0.0,-1,-1
10011285_394148167392876_899643001_a,23,74,145,145,0.0,0.0,0.0,0.0,0.0,0.999,0.001,0.0,-1,-1
10011285_543652889087518_1695745410_a,31,88,72,72,0.023,0.002,0.0,0.001,0.0,0.172,0.0,0.801,-1,-1
10011285_656682581066266_497982181_a,70,89,109,109,0.0,0.0,0.0,0.0,0.002,0.997,0.0,0.0,-1,-1
10011285_859388720744076_983562505_a,5,70,119,119,0.0,0.0,0.0,0.0,1.0,0.0,0.0,0.0,-1,-1
10011286_297130273770146_1683654114_a,79,71,122,122,0.0,0.0,0.0,0.0,0.0,0.999,0.001,0.0,-1,-1
10011286_443424345803907_1660150294_a,87,50,183,183,0.0,0.028,0.0,0.0,0.0,0.865,0.105,0.002,-1,-1
10011286_490208474440199_598052707_a,125,146,106,106,0.0,0.02,0.0,0.0,0.744,0.234,0.0,0.001,-1,-1
10011286_531607166948658_2144152937_a,59,53,147,147,0.0,0.0,0.0,0.0,0.0,0.998,0.002,0.0,-1,-1
10011289_1496453550575540_1719457055_a,104,105,74,74,0.0,0.0,0.0,0.0,1.0,0.0,0.0,0.0,-1,-1
10011289_229654797243187_1644328142_a,94,71,151,151,0.002,0.001,0.0,0.0,0.002,0.991,0.004,0.0,-1,-1
10011289_310792002402159_761074523_a,0,83,222,225,0.0,0.008,0.0,0.0,0.917,0.075,0.0,0.0,1,1
10011289_311375532350719_1788913942_a,74,108,139,139,0.0,0.0,0.0,0.0,1.0,0.0,0.0,0.0,-1,-1
10011289_446584585472111_1991797616_a,120,101,102,102,0.0,0.0,0.0,0.0,0.0,0.997,0.002,0.0,-1,1
10011289_732493256771250_37255908_a,33,79,123,123,0.0,0.0,0.0,0.0,0.001,0.997,0.001,0.001,-1,-1
10011289_745544475480333_726863226_a,0,125,114,107,0.0,0.018,0.0,0.0,0.076,0.905,0.001,0.0,-1,-1
10011290_1428406830741105_1518849943_a,34,86,158,158,0.0,0.0,0.0,0.0,1.0,0.0,0.0,0.0,-1,-1
10011290_1452074878362881_453991722_a,0,93,104,103,0.0,0.0,0.0,0.0,0.999,0.0,0.0,0.0,-1,-1
10011290_1470354476515683_1539090264_a,0,63,183,183,0.0,0.0,0.0,0.0,0.0,0.998,0.001,0.0,-1,-1
10011290_225217751022708_1249425627_a,105,106,119,119,0.0,0.003,0.0,0.0,0.787,0.211,0.0,0.0,-1,-1
10011290_626789204065525_484058514_a,65,78,142,142,0.0,0.0,0.0,0.0,1.0,0.0,0.0,0.0,-1,-1
10011290_737804082930763_1079958416_a,0,48,144,144,0.0,0.0,0.0,0.0,1.0,0.0,0.0,0.0,-1,-1
10011293_263266780519419_1388732765_a,0,59,168,159,0.0,0.002,0.0,0.0,0.844,0.153,0.0,0.001,-1,-1
10011293_283894261773836_2121626778_a,89,63,166,166,0.0,0.001,0.0,0.0,0.003,0.994,0.001,0.001,-1,-1
10011293_473628886099287_217990923_a,63,70,81,81,0.0,0.006,0.0,0.0,0.655,0.338,0.0,0.0,-1,-1
10011293_535280026588974_1912112028_a,102,83,143,143,0.0,0.045,0.0,0.0,0.426,0.528,0.001,0.0,-1,-1
10011293_589407774489588_1192720515_a,109,91,155,155,0.0,0.258,0.0,0.0,0.699,0.04,0.0,0.003,-1,-1
10011293_632504283497672_1278092434_a,52,94,131,131,0.0,0.002,0.0,0.0,0.532,0.465,0.0,0.0,-1,-1
10011293_650625161653697_2100397842_a,148,0,110,131,0.001,0.001,0.0,0.0,0.0,0.909,0.089,0.0,-1,-1
10011293_678901832170199_1788035254_a,76,75,136,136,0.0,0.0,0.0,0.0,0.999,0.0,0.0,0.001,-1,-1
10011293_684254708302918_2142132587_a,76,83,133,133,0.0,0.005,0.0,0.0,0.519,0.475,0.0,0.0,-1,-1
10011294_1402553306684701_320124429_a,16,26,151,151,0.0,0.001,0.0,0.0,0.028,0.97,0.0,0.0,-1,-1
10011294_1410853525849250_1879045907_a,26,65,188,188,0.0,0.0,0.0,0.0,0.718,0.27,0.008,0.003,-1,-1
10011294_1428992940685422_1651683233_a,0,83,185,180,0.0,0.005,0.0,0.0,0.004,0.946,0.045,0.0,-1,-1
10011294_309307289218063_1545577856_a,24,19,168,168,0.0,0.001,0.0,0.0,0.997,0.003,0.0,0.0,-1,-1
10011294_385470928259861_62480616_a,72,100,115,115,0.0,0.0,0.0,0.0,1.0,0.0,0.0,0.0,-1,-1
10011294_496279710493862_369891070_a,49,86,123,123,0.0,0.001,0.0,0.0,0.999,0.0,0.0,0.0,-1,-1
10011294_516061221827876_385408008_a,69,109,136,136,0.0,0.005,0.0,0.0,0.988,0.005,0.0,0.002,-1,-1
10011294_544674038981601_1924775262_a,105,60,159,159,0.0,0.003,0.0,0.0,0.88,0.117,0.0,0.0,-1,-1
10011294_612254098856611_1721093713_a,28,55,250,264,0.0,0.108,0.0,0.0,0.15,0.682,0.06,0.0,-1,-1
10011294_628980157189352_829020536_a,54,50,64,64,0.0,0.001,0.0,0.0,0.995,0.004,0.0,0.0,-1,-1
10011294_646201472117641_2024466850_a,76,95,75,75,0.0,0.0,0.0,0.0,0.999,0.001,0.0,0.0,-1,-1
10011294_682236158484389_1603179083_a,67,81,140,140,0.0,0.0,0.0,0.0,0.999,0.0,0.0,0.0,-1,-1
10011295_510553252382663_814941610_a,40,173,77,77,0.0,0.137,0.0,0.0,0.018,0.844,0.001,0.0,-1,-1
10011295_621087117968460_976005969_a,53,68,97,97,0.0,0.0,0.0,0.0,0.0,1.0,0.0,0.0,-1,1
10011295_837648099584016_863722909_a,79,93,127,127,0.0,0.0,0.0,0.0,0.0,1.0,0.0,0.0,-1,-1
10011297_259945390855031_722470321_a,73,146,90,90,0.0,0.005,0.0,0.001,0.99,0.002,0.0,0.002,-1,-1
10011297_399015876904700_1591256603_a,66,112,136,136,0.0,0.001,0.0,0.0,0.17,0.828,0.0,0.0,-1,-1
10011297_478984562227107_1843026873_a,120,79,112,112,0.0,0.777,0.0,0.0,0.009,0.213,0.001,0.0,-1,-1
10011297_597416310340888_1060840896_a,66,65,183,183,0.001,0.002,0.0,0.002,0.0,0.96,0.012,0.023,-1,-1
10011297_621624151259428_1316326063_a,18,82,157,157,0.0,0.0,0.0,0.0,1.0,0.0,0.0,0.0,-1,-1
10011297_627945127283949_830366033_a,35,96,113,113,0.0,0.006,0.0,0.0,0.659,0.334,0.0,0.0,-1,-1
10011297_650623278318967_899225973_a,78,88,159,159,0.0,0.0,0.0,0.0,1.0,0.0,0.0,0.0,-1,-1
10011300_1466509113580398_1405342019_a,27,36,259,259,0.0,0.006,0.0,0.0,0.082,0.91,0.0,0.002,-1,-1
10011300_1481190132095880_973167688_a,54,45,181,181,0.0,0.0,0.0,0.0,0.961,0.038,0.0,0.0,-1,-1
10011300_290877091070378_1878373636_a,14,86,127,127,0.0,0.002,0.0,0.0,0.994,0.004,0.0,0.0,-1,-1
10011300_641464649236645_690199638_a,103,83,127,127,0.0,0.073,0.0,0.0,0.927,0.0,0.0,0.0,-1,-1
10011302_233392306860927_1164802943_a,28,65,131,131,0.0,0.007,0.0,0.0,0.991,0.002,0.0,0.0,-1,-1
10011302_238160303037125_2066156594_a,55,99,171,171,0.0,0.568,0.0,0.0,0.001,0.422,0.001,0.008,-1,1
10011302_297858243703978_1756413313_a,35,76,104,104,0.0,0.254,0.0,0.0,0.0,0.745,0.0,0.0,-1,-1
10011302_497604090365489_951778018_a,0,28,235,233,0.0,0.001,0.0,0.0,0.097,0.872,0.0,0.029,-1,-1
10011302_522108994560881_105146791_a,79,67,131,131,0.0,0.005,0.0,0.0,0.239,0.755,0.0,0.0,-1,-1
10011302_668958016483983_436665658_a,42,43,198,198,0.0,0.001,0.0,0.0,0.001,0.997,0.001,0.0,-1,-1
10011303_447129222084538_669799872_a,69,91,125,125,0.001,0.046,0.0,0.0,0.001,0.831,0.12,0.0,-1,-1
10011303_658334314227386_283757140_a,117,36,173,173,0.0,0.0,0.0,0.0,0.004,0.994,0.001,0.0,-1,-1
10011303_682556505141250_1385451539_a,84,158,127,127,0.0,0.001,0.0,0.0,0.999,0.0,0.0,0.0,-1,-1
10011304_242826679233784_1851756930_a,0,0,254,284,0.003,0.058,0.07,0.124,0.01,0.373,0.354,0.008,1,-1
10011304_285944621571154_1719229358_a,70,109,127,127,0.0,0.0,0.0,0.0,0.0,0.999,0.0,0.0,-1,1
10011304_287165781449111_1770172875_a,35,80,133,133,0.0,0.001,0.0,0.0,0.495,0.504,0.0,0.0,-1,-1
10011304_545734528879378_1892688987_a,49,135,117,117,0.001,0.001,0.0,0.0,0.0,0.991,0.002,0.005,-1,-1
10011304_734687646553622_1466732853_a,102,74,209,203,0.0,0.157,0.0,0.0,0.129,0.707,0.007,0.0,-1,-1
10011306_1458673037701215_563117341_a,87,82,173,173,0.0,0.004,0.0,0.0,0.545,0.45,0.0,0.0,-1,-1
10011306_233239393547833_580015043_a,22,17,213,213,0.0,0.0,0.0,0.0,1.0,0.0,0.0,0.0,-1,-1
10011306_427389597404801_1271461591_a,133,142,96,96,0.0,0.002,0.0,0.0,0.001,0.987,0.009,0.0,-1,-1
10011306_487999951311610_1275025735_a,116,87,169,169,0.0,0.0,0.0,0.0,0.0,0.999,0.001,0.0,-1,-1
10011306_610491652361431_933073842_a,80,98,156,156,0.0,0.0,0.0,0.0,0.0,0.999,0.001,0.0,-1,-1
10011306_757121214320332_1285675812_a,106,72,138,138,0.0,0.0,0.0,0.0,0.0,0.999,0.0,0.001,-1,-1
10011307_1466762103554985_418060240_a,74,67,146,146,0.0,0.001,0.0,0.0,0.901,0.098,0.0,0.0,-1,-1
10011307_226224264243334_671755839_a,109,40,193,193,0.029,0.01,0.001,0.001,0.0,0.947,0.009,0.003,-1,-1
10011309_1422375704684722_1654717698_a,87,103,122,122,0.0,0.0,0.0,0.0,1.0,0.0,0.0,0.0,-1,-1
10011309_1425008197748577_1957331682_a,95,67,163,163,0.0,0.391,0.0,0.0,0.002,0.606,0.0,0.001,-1,-1
10011309_1436811539898598_1663355810_a,31,32,224,224,0.0,0.001,0.0,0.001,0.0,0.826,0.171,0.001,-1,-1
10011309_1437528756490222_2102774445_a,101,26,143,143,0.0,0.0,0.0,0.0,0.001,0.952,0.044,0.002,-1,-1
10011309_1456041637964942_139350045_a,90,9,219,215,0.0,0.0,0.0,0.0,1.0,0.0,0.0,0.0,-1,-1
10011309_225978177601762_1920291297_a,51,55,100,100,0.0,0.0,0.0,0.0,1.0,0.0,0.0,0.0,-1,-1
10011309_227166777477217_357837179_a,0,78,139,139,0.0,0.0,0.0,0.0,0.0,0.992,0.0,0.007,-1,1
10011309_303714146447217_1653817595_a,0,62,162,129,0.0,0.0,0.0,0.0,0.0,0.994,0.002,0.003,-1,-1
10011309_371856109620454_699404724_a,62,97,80,80,0.0,0.0,0.0,0.0,0.922,0.078,0.0,0.0,-1,-1
10011309_543841765733015_760264037_a,51,51,133,133,0.0,0.0,0.0,0.0,0.001,0.988,0.0,0.011,-1,-1
10011309_553073201458771_827253277_a,72,52,160,160,0.0,0.0,0.0,0.0,0.0,0.999,0.0,0.0,-1,-1
10011309_726095640805850_1132367852_a,84,52,148,148,0.002,0.017,0.0,0.0,0.004,0.922,0.055,0.0,-1,-1
10011310_1451053795132380_691866204_a,66,119,86,86,0.0,0.004,0.0,0.0,0.571,0.425,0.0,0.0,-1,-1
10011310_1485761664969308_1258918243_a,78,97,140,140,0.0,0.0,0.0,0.0,0.983,0.016,0.0,0.001,-1,-1
10011310_1490104074547011_1327868444_a,49,100,122,122,0.0,0.0,0.0,0.0,0.0,0.997,0.001,0.001,-1,-1
10011310_292790620888813_262948209_a,0,54,219,209,0.0,0.022,0.0,0.0,0.004,0.97,0.002,0.0,-1,-1
10011310_301247223359610_265534124_a,41,129,49,49,0.0,0.002,0.0,0.0,0.009,0.989,0.0,0.0,-1,-1
10011310_543659812421095_1466096256_a,55,135,100,100,0.0,0.001,0.0,0.0,0.997,0.0,0.0,0.002,-1,-1
10011310_782201518456766_1963543798_a,53,147,112,112,0.0,0.0,0.0,0.0,1.0,0.0,0.0,0.0,-1,-1
10011310_811445545550419_1127644416_a,112,78,131,131,0.0,0.002,0.0,0.0,0.005,0.928,0.064,0.0,1,-1
10011311_247027302148426_1815408201_a,108,97,159,159,0.0,0.0,0.0,0.0,0.0,0.828,0.171,0.0,-1,-1
10011311_291068067715727_1071149623_a,83,52,147,147,0.0,0.001,0.0,0.0,0.003,0.996,0.001,0.0,-1,1
10011311_607129839371063_1660807442_a,0,82,156,152,0.0,0.0,0.0,0.0,0.998,0.0,0.0,0.002,1,-1
10011311_628309757243191_822068427_a,52,105,134,134,0.0,0.008,0.0,0.0,0.018,0.971,0.003,0.0,-1,-1
10011311_639417529464311_280023121_a,106,102,133,133,0.002,0.005,0.0,0.0,0.002,0.987,0.004,0.0,-1,-1
10011311_652466821495234_1655552000_a,0,128,155,119,0.0,0.009,0.0,0.0,0.002,0.964,0.022,0.001,-1,1
10011313_1379899988958661_260983287_a,155,84,90,90,0.0,0.002,0.0,0.0,0.001,0.997,0.001,0.0,-1,-1
10011313_1402120343394697_1742715892_a,64,18,177,177,0.0,0.0,0.0,0.0,0.0,0.978,0.003,0.018,-1,-1
10011313_1423487341242063_2177352_a,33,157,148,164,0.0,0.002,0.0,0.0,0.001,0.992,0.005,0.0,-1,-1
10011313_1437969863113980_1902639747_a,115,138,142,142,0.001,0.038,0.002,0.002,0.007,0.886,0.01,0.055,-1,-1
10011313_1464424493790263_429584285_a,23,63,114,114,0.0,0.009,0.0,0.0,0.252,0.735,0.0,0.003,-1,-1
10011313_261844113988009_1701794389_a,0,49,132,129,0.0,0.005,0.0,0.0,0.029,0.955,0.01,0.0,1,-1
10011313_273105562856916_168306972_a,47,112,86,86,0.0,0.0,0.0,0.0,0.931,0.069,0.0,0.0,-1,-1
10011313_284852615011508_1907773143_a,58,92,122,122,0.0,0.031,0.0,0.0,0.925,0.043,0.0,0.0,-1,-1
10011313_608832609211700_2014589356_a,14,70,200,200,0.0,0.0,0.0,0.0,1.0,0.0,0.0,0.0,-1,-1
10011313_620186904742898_1149019662_a,102,114,131,131,0.0,0.0,0.0,0.001,0.0,0.091,0.0,0.908,-1,-1
10011313_697643133625620_699165913_a,0,39,159,150,0.0,0.0,0.0,0.0,1.0,0.0,0.0,0.0,-1,-1
10011315_1468686200015307_505076318_a,24,26,130,130,0.0,0.004,0.0,0.0,0.128,0.867,0.001,0.0,-1,-1
10011315_1584573835102010_1348830431_a,132,167,100,100,0.0,0.001,0.0,0.0,0.352,0.647,0.0,0.0,-1,-1
10011318_224251411105131_1150124918_a,42,143,101,101,0.0,0.0,0.0,0.0,0.998,0.002,0.0,0.0,-1,-1
10011318_488944904562363_1432530629_a,58,39,70,70,0.0,0.004,0.0,0.0,0.0,0.939,0.056,0.0,-1,1
10011318_489080524553836_1602451582_a,22,110,122,122,0.0,0.0,0.0,0.0,0.999,0.0,0.0,0.001,1,-1
10011318_521706207938284_1320437984_a,27,105,115,115,0.0,0.0,0.0,0.0,1.0,0.0,0.0,0.0,-1,-1
10011318_542948659155196_1843519800_a,9,73,139,139,0.0,0.001,0.0,0.0,0.764,0.232,0.0,0.003,-1,-1
10011318_603136823112405_1692416228_a,17,177,110,110,0.0,0.0,0.0,0.0,0.0,0.918,0.001,0.08,-1,-1
10011318_759608210738908_308080189_a,49,54,169,169,0.005,0.007,0.0,0.001,0.0,0.952,0.029,0.006,1,-1
10011319_236702113187877_988808134_a,0,11,175,162,0.0,0.002,0.0,0.0,0.0,0.978,0.019,0.0,-1,-1
10011319_241198636071306_1457195759_a,128,111,119,119,0.001,0.072,0.001,0.0,0.009,0.795,0.122,0.0,-1,-1
10011320_1386383038308436_736225387_a,37,111,109,109,0.0,0.0,0.0,0.0,1.0,0.0,0.0,0.0,-1,-1
10011320_1425491034368712_1377351256_a,104,76,126,126,0.0,0.002,0.0,0.0,0.15,0.848,0.0,0.0,-1,-1
10011320_224492101085123_1946582650_a,68,44,137,137,0.0,0.0,0.0,0.0,1.0,0.0,0.0,0.0,-1,-1
10011320_263490903822570_606421466_a,66,80,116,116,0.0,0.0,0.0,0.0,1.0,0.0,0.0,0.0,-1,-1
10011320_265502403627895_1581638369_a,38,67,101,101,0.0,0.0,0.0,0.0,0.003,0.996,0.001,0.0,-1,1
10011320_292058734285703_691472902_a,134,51,139,139,0.022,0.019,0.03,0.0,0.002,0.907,0.02,0.0,-1,1
10011320_299626580162164_1001710655_a,87,85,148,148,0.029,0.017,0.001,0.001,0.006,0.934,0.012,0.001,-1,-1
10011320_411187889018134_416655923_a,104,32,123,123,0.01,0.0,0.0,0.0,0.933,0.0,0.0,0.057,-1,-1
10011320_444813738986618_2063369754_a,28,152,142,142,0.0,0.708,0.008,0.0,0.033,0.249,0.002,0.0,-1,-1
10011320_572821376149452_1617627520_a,59,119,144,144,0.0,0.001,0.0,0.0,0.998,0.001,0.0,0.0,-1,-1
10011322_1400816996858635_1020400757_a,77,102,107,107,0.0,0.0,0.0,0.0,0.003,0.996,0.0,0.0,-1,-1
10011322_1407704802833750_1717631460_a,42,58,175,175,0.0,0.001,0.0,0.0,0.0,0.985,0.014,0.0,-1,-1
10011322_246491008871142_66333020_a,75,77,118,118,0.0,0.001,0.0,0.0,0.997,0.002,0.0,0.0,-1,-1
10011322_267615903411713_129285667_a,73,76,200,200,0.0,0.003,0.0,0.0,0.006,0.714,0.277,0.0,-1,-1
10011322_608845909199706_532902076_a,0,26,158,153,0.0,0.19,0.0,0.0,0.004,0.791,0.015,0.0,-1,-1
10011322_612288502179860_1438345042_a,57,77,120,120,0.0,0.001,0.0,0.0,0.0,0.212,0.786,0.0,-1,-1
10011322_625391674196100_21158765_a,96,112,105,105,0.0,0.0,0.0,0.0,1.0,0.0,0.0,0.0,-1,-1
10011323_475194599249222_636920381_a,49,63,126,126,0.0,0.0,0.0,0.0,0.297,0.703,0.0,0.0,-1,-1
10011323_544900368962697_1324056232_a,60,143,56,56,0.0,0.17,0.0,0.0,0.027,0.777,0.024,0.0,-1,-1
10011325_1398538593756928_303827055_a,81,133,37,37,0.0,0.0,0.0,0.0,1.0,0.0,0.0,0.0,-1,-1
10011325_1411936909069966_538340328_a,94,90,200,200,0.0,0.007,0.0,0.0,0.496,0.496,0.0,0.0,-1,-1
10011325_1423047861282923_1447806372_a,71,114,91,91,0.0,0.001,0.0,0.0,0.947,0.052,0.0,0.0,-1,-1
10011325_231531800375268_1422497897_a,9,101,168,168,0.0,0.0,0.0,0.0,1.0,0.0,0.0,0.0,-1,-1
10011325_504195089685631_1163671961_a,0,72,227,198,0.0,0.0,0.0,0.0,0.994,0.0,0.0,0.006,-1,-1
10011325_767009536651088_1927653666_a,82,46,213,213,0.0,0.0,0.0,0.0,0.988,0.01,0.0,0.002,-1,-1
10011326_1422919974630670_882441191_a,84,95,109,109,0.097,0.001,0.025,0.001,0.876,0.001,0.001,0.0,-1,-1
10011326_281321412035610_1330047980_a,83,88,114,114,0.0,0.001,0.0,0.0,0.0,0.997,0.002,0.0,-1,-1
10011326_694764640562209_661924483_a,123,136,138,138,0.001,0.014,0.0,0.0,0.03,0.953,0.002,0.0,-1,-1
10011326_733480990030196_445384099_a,93,59,126,126,0.0,0.044,0.0,0.0,0.012,0.943,0.001,0.0,-1,-1
10011326_796286357067808_1021636114_a,7,58,166,166,0.0,0.003,0.0,0.0,0.0,0.979,0.017,0.001,-1,-1
10011327_1409973265937529_1769202020_a,52,67,175,175,0.0,0.055,0.001,0.0,0.562,0.002,0.0,0.379,-1,-1
10011327_1425491284367062_93647835_a,0,84,157,144,0.0,0.142,0.0,0.0,0.324,0.533,0.001,0.0,-1,-1
10011327_1463200727245142_1303986915_a,68,105,135,135,0.0,0.002,0.0,0.0,0.991,0.008,0.0,0.0,-1,-1
10011327_1477053315842809_978347919_a,64,114,71,71,0.0,0.0,0.0,0.0,1.0,0.0,0.0,0.0,-1,-1
10011327_1486463728234316_1616640402_a,62,76,151,151,0.0,0.001,0.0,0.0,0.645,0.354,0.0,0.0,-1,-1
10011327_226251314238192_1271436841_a,87,57,149,149,0.0,0.0,0.0,0.0,0.985,0.014,0.0,0.0,-1,-1
10011327_301741359974869_971550605_a,99,68,139,139,0.0,0.0,0.0,0.0,1.0,0.0,0.0,0.0,-1,-1
10011327_562961543818137_88474264_a,83,117,89,89,0.0,0.004,0.0,0.0,0.008,0.988,0.0,0.0,-1,-1
10011327_646702955365723_2130262457_a,84,45,165,165,0.0,0.0,0.0,0.0,1.0,0.0,0.0,0.0,-1,-1
10011327_766291556728486_418896874_a,150,64,126,126,0.003,0.0,0.0,0.0,0.996,0.0,0.0,0.0,-1,-1
10011327_830151436998991_2069652014_a,0,137,138,128,0.0,0.001,0.0,0.0,0.397,0.601,0.0,0.0,-1,-1
10011327_873242542692056_1724549504_a,88,15,122,122,0.011,0.086,0.001,0.001,0.001,0.839,0.051,0.01,-1,1
10011329_1409605132642100_1984990221_a,165,155,75,75,0.0,0.0,0.0,0.0,1.0,0.0,0.0,0.0,-1,-1
10011329_289507871215550_633324009_a,63,185,120,130,0.254,0.001,0.013,0.004,0.658,0.003,0.001,0.067,-1,-1
10011329_519742684802245_2023638810_a,88,91,157,157,0.0,0.022,0.0,0.0,0.905,0.073,0.0,0.0,-1,-1
10011329_635861633160013_645702342_a,70,72,131,131,0.0,0.001,0.0,0.0,0.998,0.001,0.0,0.0,-1,-1
10011329_702338763164307_556157783_a,4,80,134,134,0.0,0.006,0.0,0.0,0.855,0.137,0.001,0.0,-1,-1
10011329_769356329743758_824760877_a,0,136,143,137,0.0,0.001,0.0,0.0,0.953,0.046,0.0,0.0,-1,-1
10011331_1405610743043763_800101749_a,76,82,103,103,0.0,0.0,0.0,0.0,0.023,0.974,0.003,0.0,-1,-1
10011334_1391108714445060_1936628397_a,57,113,82,82,0.0,0.0,0.0,0.0,1.0,0.0,0.0,0.0,-1,-1
10011334_1394463114166359_6596422_a,0,0,305,305,0.0,0.003,0.0,0.0,0.409,0.588,0.0,0.0,-1,-1
10011334_1395024910776185_135142258_a,123,68,129,129,0.0,0.332,0.005,0.0,0.142,0.306,0.214,0.0,-1,-1
10011334_1411184815814562_260071791_a,0,88,166,156,0.0,0.1,0.0,0.0,0.054,0.844,0.001,0.0,-1,-1
10011334_1471638116399041_1139088781_a,73,86,73,73,0.0,0.001,0.0,0.0,0.004,0.993,0.002,0.0,-1,-1
10011334_245508098973944_152380080_a,3,45,222,222,0.009,0.003,0.0,0.0,0.0,0.866,0.121,0.0,-1,-1
10011334_292582370900158_2139378531_a,43,117,80,80,0.0,0.008,0.0,0.0,0.817,0.174,0.0,0.001,-1,-1
10011334_305208679628824_970727307_a,85,98,112,112,0.0,0.004,0.0,0.0,0.994,0.002,0.0,0.0,-1,-1
10011334_375926912547984_1253514810_a,53,58,148,148,0.0,0.0,0.0,0.0,0.0,0.98,0.002,0.018,-1,-1
10011334_620652038016777_569877055_a,109,147,156,156,0.003,0.001,0.0,0.164,0.015,0.658,0.005,0.154,-1,-1
10011335_375201082620694_1617327547_a,25,91,78,78,0.0,0.0,0.0,0.0,0.998,0.0,0.0,0.001,-1,-1
10011335_635730886481855_1994540955_a,75,85,146,146,0.0,0.014,0.0,0.0,0.007,0.979,0.0,0.0,-1,-1
10011335_681645155214554_1553442039_a,28,16,259,259,0.103,0.001,0.022,0.023,0.003,0.303,0.2,0.346,-1,-1
10011336_1411229382476386_724757959_a,73,85,127,127,0.0,0.0,0.0,0.0,1.0,0.0,0.0,0.0,-1,-1
10011336_1440167402894428_1551563579_a,33,74,161,161,0.0,0.005,0.0,0.0,0.507,0.484,0.003,0.0,-1,-1
10011336_1479941782218225_201212376_a,59,130,43,43,0.0,0.0,0.0,0.0,1.0,0.0,0.0,0.0,-1,-1
10011336_226569467538994_1618380314_a,42,62,113,113,0.0,0.0,0.0,0.0,1.0,0.0,0.0,0.0,-1,-1
10011336_237081393162320_238121433_a,124,62,176,176,0.0,0.001,0.0,0.0,0.003,0.953,0.041,0.002,-1,-1
10011336_238013359656248_223286244_a,60,52,148,148,0.0,0.0,0.0,0.0,0.002,0.997,0.001,0.0,-1,-1
10011336_278168439016539_39872207_a,13,104,168,168,0.0,0.0,0.0,0.0,0.0,0.99,0.009,0.0,-1,1
10011336_617473455000386_592900561_a,111,76,105,105,0.001,0.009,0.004,0.63,0.0,0.01,0.091,0.255,-1,-1
10011336_663587380381132_77227348_a,42,129,134,134,0.0,0.001,0.0,0.0,0.958,0.042,0.0,0.0,-1,-1
10011336_683732238340117_167421318_a,67,73,141,141,0.001,0.018,0.0,0.0,0.141,0.836,0.004,0.0,-1,-1
